variable,n,formula,F,df_num,df_den,p_param,p_hc3,p_perm,eta2p,eta2p_ic_low,eta2p_ic_high,p_kw,shapiro_p,levene_p,n_Vestibular,n_MPPP,n_Voluntario Sano,media_MPPP,media_Vestibular,media_Voluntario Sano,MPPP_vs_VoluntarioSano_dif,MPPP_vs_VoluntarioSano_d,MPPP_vs_VoluntarioSano_d_ic_low,MPPP_vs_VoluntarioSano_d_ic_high,MPPP_vs_VoluntarioSano_p,MPPP_vs_Vestibular_dif,MPPP_vs_Vestibular_d,MPPP_vs_Vestibular_d_ic_low,MPPP_vs_Vestibular_d_ic_high,MPPP_vs_Vestibular_p,etapa,roi_n,roi,hemi,medida,familia_fdr,ajusta_etiv,prioridad,modelo,p_fdr,sobrevive_fdr,n_familia
AI_1_LGI,45,"Q('AI_1_LGI') ~ C(Grupo, Treatment(reference='Voluntario Sano')) + Edad + C(Genero) + N_Educacional",0.0140058646151964,2,39,0.9860967187319672,0.9884245432111293,0.9872012798720128,0.0007177339554147247,3.0799986942214146e-05,0.0004351879468671021,0.7802591246550473,0.5647499873233542,0.32717405881341804,18,17,10.0,-0.006767198685599912,-0.009177367045430186,-0.011136273304659414,0.0010285468031724662,0.05026475397365387,-0.7305741239911069,0.8152464925503652,0.9040950815623141,0.0010877093881380413,0.05315601061707311,-0.7074174332123242,0.8277477127222892,0.8771923069780125,C3,1,Ínsula posterior,AI,LGI,LGI,False,alta,A_tres_grupos,0.9872012798720128,False,16
AI_1_area,46,"Q('AI_1_area') ~ C(Grupo, Treatment(reference='Voluntario Sano')) + Edad + C(Genero) + N_Educacional",0.26789033721118516,2,40,0.7663532388890563,0.794432840110941,0.7653234676532347,0.013217475166586393,2.147344581257872e-05,0.04692566392080297,0.3498107409228113,0.06512911724005045,0.6622065308385936,19,17,10.0,0.09022428680637795,0.0971175973597995,0.10265344592254814,-0.008339127933455426,-0.2828188851534519,-1.2741071803775175,0.9341110186034235,0.4989051644986316,-0.005258452723209102,-0.17833876020101963,-0.8163141635092296,0.4975787576452401,0.6003701920479302,C3,1,Ínsula posterior,AI,area,area,False,alta,A_tres_grupos,0.8722127787221278,False,16
AI_1_thickness,46,"Q('AI_1_thickness') ~ C(Grupo, Treatment(reference='Voluntario Sano')) + Edad + C(Genero) + N_Educacional",0.2745232234257292,2,40,0.7613544859558434,0.8267706389863548,0.7646235376462354,0.013540304765763256,0.00011891846228747785,0.059117683070870786,0.845553074843979,0.6097816628356255,0.43001194886960786,19,17,10.0,-0.015416167259570117,-0.011756473598181046,-0.016449449499759693,-0.001683221960847527,-0.0944221123780187,-0.8870050841222894,0.7243563022631735,0.8209359468756013,-0.004427110705692695,-0.2483434474395567,-1.0065799675903682,0.5710184100415371,0.4664142053464682,C3,1,Ínsula posterior,AI,thickness,thickness,False,alta,A_tres_grupos,0.9040238833259532,False,16
AI_1_volume,46,"Q('AI_1_volume') ~ C(Grupo, Treatment(reference='Voluntario Sano')) + Edad + C(Genero) + N_Educacional",1.0951954275210307,2,40,0.34429352232749255,0.46483194848205495,0.3414658534146585,0.05191681827665016,6.271097437048325e-05,0.19179719282920585,0.18441643392961557,0.2586034786101394,0.9193242160884953,19,17,10.0,0.06573157717109322,0.07563697445132207,0.08285982054459909,-0.018040168557972018,-0.6031164116163849,-1.5717744653440924,0.8618507937336387,0.15339611251444482,-0.008672670909219358,-0.2899435302441647,-0.9566191750998659,0.4139827586848012,0.3957139055390489,C3,1,Ínsula posterior,AI,volume,volume,False,alta,A_tres_grupos,0.8090857580908577,False,20
AI_10_LGI,45,"Q('AI_10_LGI') ~ C(Grupo, Treatment(reference='Voluntario Sano')) + Edad + C(Genero) + N_Educacional",0.025381340594546598,2,39,0.9749541481328792,0.9725033302154901,0.9754024597540246,0.0012999152309397988,4.624196343831199e-06,0.0011569290778265973,0.9419661643203041,0.9501382952041569,0.8365247470686841,18,17,10.0,-0.002224394519611031,-0.0022948968411017033,-0.004356373690015207,0.0012883453273561667,0.07608329437866058,-0.6784485385328728,0.8454417549119408,0.8553021667616587,-0.0002412211382015275,-0.014245325751135879,-0.725093859260272,0.7267742191606756,0.9669623244520646,C3,10,Parietal inferior,AI,LGI,LGI,False,media,A_tres_grupos,0.9872012798720128,False,16
AI_10_area,46,"Q('AI_10_area') ~ C(Grupo, Treatment(reference='Voluntario Sano')) + Edad + C(Genero) + N_Educacional",0.1860911680011303,2,40,0.8309125261698788,0.8741922973098427,0.8301169883011699,0.00921878170728372,2.8690486880956187e-05,0.028192391804458903,0.6463695586473754,0.46539947047500907,0.09315555823214342,19,17,10.0,-0.07507549051170927,-0.06494410977897229,-0.07167876360444872,-0.010006310561831645,-0.1942280004861977,-1.1776778369690117,0.741757225312642,0.6418578292222454,-0.009602423053700144,-0.18638832145155312,-0.8955702173968937,0.6719968246779497,0.584085841855142,C3,10,Parietal inferior,AI,area,area,False,media,A_tres_grupos,0.8722127787221278,False,16
AI_10_thickness,46,"Q('AI_10_thickness') ~ C(Grupo, Treatment(reference='Voluntario Sano')) + Edad + C(Genero) + N_Educacional",1.085543469999647,2,40,0.3474592906113895,0.43828480584741486,0.34326567343265674,0.051482830952123665,9.76805470580487e-05,0.19215525344946996,0.2381206867756564,0.47987769510216705,0.28799835112708366,19,17,10.0,0.0016000162727198028,-0.0019330041151779543,-0.004723483960362333,0.006540604371026109,0.5963434132443441,-0.39581045065149173,1.597615408288891,0.15794859357444166,0.0033147912893249165,0.3022280265758563,-0.5783879408563362,1.1218738943360826,0.3761900820739138,C3,10,Parietal inferior,AI,thickness,thickness,False,media,A_tres_grupos,0.9040238833259532,False,16
AI_10_volume,46,"Q('AI_10_volume') ~ C(Grupo, Treatment(reference='Voluntario Sano')) + Edad + C(Genero) + N_Educacional",0.19377132342438644,2,40,0.82461500715665,0.8818984084421213,0.825917408259174,0.009595598579430056,2.7304853458063847e-06,0.03506620355332938,0.7001609903635988,0.13272545734721225,0.04822735060636088,19,17,10.0,-0.07799356257742623,-0.06949191319748621,-0.07392899964631056,-0.012635777555920782,-0.23659986956977688,-1.2907907464732198,0.7736833517114948,0.5712618118040551,-0.008405394839977896,-0.15738764900062585,-0.869228784645403,0.6741861116511287,0.6437217217483371,C3,10,Parietal inferior,AI,volume,volume,False,media,A_tres_grupos,0.9397949093979491,False,20
AI_11_LGI,45,"Q('AI_11_LGI') ~ C(Grupo, Treatment(reference='Voluntario Sano')) + Edad + C(Genero) + N_Educacional",1.097759575231896,2,39,0.34370450301289845,0.31985781557121135,0.34156584341565843,0.053295096062385076,0.00039190821319556553,0.1558859341344983,0.4354949225275422,0.1733812142372989,0.483804902357507,18,17,10.0,0.0011916385044590163,-0.00875000517579898,-0.0024271451435482426,0.006561743686561848,0.3247535882321543,-0.6659726509196309,1.2164421671106025,0.43803828874462464,0.01015157683779656,0.5024214845575994,-0.22656013484980353,1.1349413645662692,0.14952850525542655,C3,11,Occipital lateral,AI,LGI,LGI,False,media,A_tres_grupos,0.7415258474152585,False,16
AI_11_area,46,"Q('AI_11_area') ~ C(Grupo, Treatment(reference='Voluntario Sano')) + Edad + C(Genero) + N_Educacional",2.9929434791840084,2,40,0.06147640717401666,0.15429927433960755,0.058694130586941305,0.13016791355546029,0.0021137432620485473,0.3446173989569786,0.19907853190948152,0.8735126224653458,0.12120558270410511,19,17,10.0,-0.004595317251610771,0.016635598597844282,-0.011243476540515902,0.017538014791660665,0.4300379797883142,-0.7251411688805136,1.386207779293708,0.30566454104831653,-0.02163071824193613,-0.5303924352119699,-1.141241418427898,0.20385615397720352,0.12417410101946422,C3,11,Occipital lateral,AI,area,area,False,media,A_tres_grupos,0.8722127787221278,False,16
AI_11_thickness,46,"Q('AI_11_thickness') ~ C(Grupo, Treatment(reference='Voluntario Sano')) + Edad + C(Genero) + N_Educacional",0.010424333558494037,2,40,0.9896324990669102,0.9894657755865461,0.9913008699130087,0.0005209451526228707,2.6752571953963504e-05,0.00017866840794246658,0.6197852060508463,0.005173929422026037,0.10311851087606103,19,17,10.0,-0.01271776911373332,-0.012139356985133201,-0.01421639632739229,-0.0004557090469597142,-0.02576144969485272,-0.7576146808995704,0.7023377496697845,0.9507445299531198,-0.0008625702642667428,-0.04876150829006453,-0.7547541901819587,0.7000651770290002,0.8859218656878343,C3,11,Occipital lateral,AI,thickness,thickness,False,media,A_tres_grupos,0.9913008699130087,False,16
AI_11_volume,46,"Q('AI_11_volume') ~ C(Grupo, Treatment(reference='Voluntario Sano')) + Edad + C(Genero) + N_Educacional",2.655186064319022,2,40,0.08265083519430805,0.131041256064803,0.08389161083891611,0.11719992308961126,0.0025446699657532493,0.31982760968668145,0.17157631080896438,0.9604815898158385,0.03937076892688065,19,17,10.0,-0.019048777886115077,0.0075620184144612615,-0.022818472400961905,0.011191596157299238,0.2431244065751868,-0.8387175206163607,1.284908775810676,0.5607404847062621,-0.02755603579883766,-0.5986228199261389,-1.179289050101792,0.04952006946701377,0.08392067277427398,C3,11,Occipital lateral,AI,volume,volume,False,media,A_tres_grupos,0.5592774055927741,False,20
AI_12_LGI,45,"Q('AI_12_LGI') ~ C(Grupo, Treatment(reference='Voluntario Sano')) + Edad + C(Genero) + N_Educacional",4.081570182623095,2,39,0.024575756505817635,0.04127986932059155,0.0226977302269773,0.17308305388547635,0.016301823412453304,0.36763505623932147,0.05471159356510851,0.05912360333506546,0.4184298716421162,18,17,10.0,-0.03271438456919685,-0.030332762350634115,-0.008439860867508827,-0.029172543692191345,-1.1287237602301188,-1.9747470951064117,-0.21463682058641945,0.009617457383743202,-0.003149984312959174,-0.12187700105633441,-0.8777561372762787,0.6429506542117821,0.723282882000736,C3,12,Cuneus,AI,LGI,LGI,False,media,A_tres_grupos,0.20717928207179281,False,16
AI_12_area,46,"Q('AI_12_area') ~ C(Grupo, Treatment(reference='Voluntario Sano')) + Edad + C(Genero) + N_Educacional",0.41797282845765316,2,40,0.661222285777248,0.6630236308174253,0.6621337866213378,0.020470828909866182,4.822186873051821e-05,0.08769431120157803,0.5912267366324332,0.24379149539299544,0.7030153828798741,19,17,10.0,0.02136368934617973,0.007491332636105184,0.014176927602534223,0.0033106933820514703,0.08638816819817631,-0.7997699070820605,0.9908572577946355,0.8359365196821369,0.01158369043034456,0.30226109209549673,-0.41174420407705586,1.0041750908694163,0.3761383768278718,C3,12,Cuneus,AI,area,area,False,media,A_tres_grupos,0.8722127787221278,False,16
AI_12_thickness,46,"Q('AI_12_thickness') ~ C(Grupo, Treatment(reference='Voluntario Sano')) + Edad + C(Genero) + N_Educacional",1.2893583878975567,2,40,0.2866476945793709,0.250270994525725,0.2953704629537046,0.06056351555575875,0.00013254138275859236,0.1890579203087293,0.13946392982697264,0.1329439794993067,0.4727183373285257,19,17,10.0,-0.008779742205812199,0.00723562830183663,0.005326610299763549,-0.009301122227424597,-0.3281687483835922,-1.1962795591460424,0.6023473567899159,0.43312010976000753,-0.015321835714437331,-0.5405958040762329,-1.192604613685641,0.20543147640013387,0.11730777556619691,C3,12,Cuneus,AI,thickness,thickness,False,media,A_tres_grupos,0.9040238833259532,False,16
AI_12_volume,46,"Q('AI_12_volume') ~ C(Grupo, Treatment(reference='Voluntario Sano')) + Edad + C(Genero) + N_Educacional",0.07624656940338778,2,40,0.9267220475092411,0.9320749394948376,0.9271072892710729,0.003797849819178308,2.127049660834746e-06,0.008454064288259578,0.9451875057812767,0.03874925046272261,0.8626580244787657,19,17,10.0,0.006842521968382463,0.0084903122426565,0.0035121168908508167,0.0032201124678932777,0.06456582175190924,-0.6425850417569293,0.9132568232602999,0.8769799191073216,-0.0043597163017724165,-0.0874157870061264,-0.799250439348318,0.603247567586573,0.7970851734376067,C3,12,Cuneus,AI,volume,volume,False,media,A_tres_grupos,0.971002899710029,False,20
AI_13_LGI,45,"Q('AI_13_LGI') ~ C(Grupo, Treatment(reference='Voluntario Sano')) + Edad + C(Genero) + N_Educacional",0.21175020671410943,2,39,0.8100909397022764,0.7583557264763422,0.8135186481351865,0.010742334115109891,9.935019884988329e-06,0.038055225419812475,0.6009923576835343,0.004406542763487703,0.5947751682949862,18,17,10.0,0.005559083517521178,0.002311735010249273,0.004444589557756859,0.0015980974326468807,0.08440000938541883,-0.9435610823592904,1.0157976646057032,0.8396969846261566,0.004183532189716129,0.2209440731604396,-0.42223187016477703,0.9160452488195903,0.5217199011947387,C3,13,Temporal medio,AI,LGI,LGI,False,media,A_tres_grupos,0.9872012798720128,False,16
AI_13_area,46,"Q('AI_13_area') ~ C(Grupo, Treatment(reference='Voluntario Sano')) + Edad + C(Genero) + N_Educacional",0.6655558674821479,2,40,0.5195867678106916,0.5013220495196228,0.525947405259474,0.032206047190311456,0.00033308804470302627,0.12937194405292732,0.6453080292173037,0.5717966515381201,0.24551316742374504,19,17,10.0,0.007108141665133826,-0.004760904685988024,0.01140754550329277,-0.002586033844459556,-0.08013320831264506,-0.7136232012613082,0.5432958724781096,0.8476588035726864,0.010348130350684333,0.3206566251305537,-0.4890517441030374,1.0049633060784027,0.3480805624820461,C3,13,Temporal medio,AI,area,area,False,media,A_tres_grupos,0.8722127787221278,False,16
AI_13_thickness,46,"Q('AI_13_thickness') ~ C(Grupo, Treatment(reference='Voluntario Sano')) + Edad + C(Genero) + N_Educacional",0.31850171110485803,2,40,0.7290651113649192,0.7141699120194648,0.7302269773022698,0.015675452630977426,1.1584114335847008e-05,0.05387757244423072,0.8098471083112562,0.821266228718615,0.8143995292402763,19,17,10.0,-0.012901003654504714,-0.009126170482557167,-0.011714356429101192,-0.003525904800897374,-0.20717978898269038,-1.1700537253565189,0.9212369971970844,0.6198772876003411,-0.004454600415421065,-0.2617493171778927,-0.8827136494560468,0.4384745003523766,0.44286869523350686,C3,13,Temporal medio,AI,thickness,thickness,False,media,A_tres_grupos,0.9040238833259532,False,16
AI_13_volume,46,"Q('AI_13_volume') ~ C(Grupo, Treatment(reference='Voluntario Sano')) + Edad + C(Genero) + N_Educacional",0.5451719982398431,2,40,0.5839884869085079,0.48595901800120106,0.5855414458554145,0.026535285189462,4.785862175383686e-05,0.09625271985792239,0.617905610987175,0.8195485878061309,0.19915559264891572,19,17,10.0,-0.006371501377292504,-0.018096924537796825,-0.00045609197456818445,-0.0059236326207495246,-0.15377916524720794,-0.842722729336971,0.5732979719214796,0.7125521195601799,0.009472771153761774,0.24591579759701515,-0.5614646214018496,0.9892702929493715,0.47075393526779447,C3,13,Temporal medio,AI,volume,volume,False,media,A_tres_grupos,0.9008329936237145,False,20
AI_14_LGI,45,"Q('AI_14_LGI') ~ C(Grupo, Treatment(reference='Voluntario Sano')) + Edad + C(Genero) + N_Educacional",1.0033667118157175,2,39,0.37591003973811715,0.45441011514748886,0.37076292370762925,0.04893668078606308,0.00042457673836619633,0.20563965707662285,0.09402020957922737,0.018380321044085414,0.4795490543145617,18,17,10.0,-0.014654308185594545,-0.021334765320756132,-0.01651289234299035,0.0024824840711895253,0.2168208354779572,-0.5857931817426839,1.1733269336244092,0.6038410988032773,0.005534566071642783,0.4833905093644925,-0.41030971810520833,1.284686597257588,0.1651451194351637,C3,14,Cingulada anterior,AI,LGI,LGI,False,media,A_tres_grupos,0.7415258474152585,False,16
AI_14_area,46,"Q('AI_14_area') ~ C(Grupo, Treatment(reference='Voluntario Sano')) + Edad + C(Genero) + N_Educacional",1.4730487564730812,2,40,0.24139357639830245,0.23811247476901118,0.23937606239376064,0.06859988878053605,0.001064426173571024,0.20245808324996353,0.11364620425967631,0.9630740102534001,0.5384352203946019,19,17,10.0,0.17584175946490993,0.1498260879822856,0.12632408808428164,0.052305334056353604,0.7002837410949988,-0.1902735630747312,1.5071907265540587,0.09885928804503719,0.024887414395711863,0.33320218623273656,-0.34889837276602476,1.1306763635932962,0.3297580607466454,C3,14,Cingulada anterior,AI,area,area,False,media,A_tres_grupos,0.8722127787221278,False,16
AI_14_thickness,46,"Q('AI_14_thickness') ~ C(Grupo, Treatment(reference='Voluntario Sano')) + Edad + C(Genero) + N_Educacional",2.036989625591265,2,40,0.14373236417589436,0.21471773991661672,0.15008499150084992,0.09243502221490978,0.0022520450599922645,0.33044820993600266,0.09223886869584133,0.228427227885925,0.15057123467854025,19,17,10.0,0.032828852348537045,0.017912756391683108,0.023664285328802458,0.008498619209360668,0.37905032864282745,-0.5261758239899338,1.3043632458547039,0.3658709095868375,0.01527423144388612,0.6812521311926374,-0.21677795197160016,1.6040399006641288,0.05041896375896957,C3,14,Cingulada anterior,AI,thickness,thickness,False,media,A_tres_grupos,0.9040238833259532,False,16
AI_14_volume,46,"Q('AI_14_volume') ~ C(Grupo, Treatment(reference='Voluntario Sano')) + Edad + C(Genero) + N_Educacional",1.385951236582679,2,40,0.2618354640154965,0.2872270304803786,0.24997500249975002,0.06480662100322566,0.0004613963542154119,0.2218317178745779,0.1320846297787628,0.8557418175875446,0.3548233105537515,19,17,10.0,0.18274819718257915,0.14720570191389215,0.12823856215833845,0.05866793284389936,0.6534470243346963,-0.28383455327459556,1.5168606324460507,0.12273642602184473,0.03487815347462449,0.3884750066603406,-0.31851542153051493,1.2915119600794578,0.2568559352717453,C3,14,Cingulada anterior,AI,volume,volume,False,media,A_tres_grupos,0.8090857580908577,False,20
AI_15_LGI,45,"Q('AI_15_LGI') ~ C(Grupo, Treatment(reference='Voluntario Sano')) + Edad + C(Genero) + N_Educacional",0.12584914831742214,2,39,0.882104469007962,0.9059449818233873,0.8877112288771123,0.00641241799864805,4.903652878563156e-06,0.020035122157178432,0.7465990698007625,0.7375785534376479,0.5111686933931553,18,17,10.0,-0.007094996783404556,-0.003473089657306538,-0.010045758437798454,-0.001734937939494816,-0.08464071005233953,-0.7942374003772464,0.8696980088237812,0.8392462837441843,-0.003513965201569015,-0.17143236250088503,-0.9516362536990779,0.6091309447626324,0.6187326786443318,C3,15,Prefrontal dorsolateral,AI,LGI,LGI,False,media,A_tres_grupos,0.9872012798720128,False,16
AI_15_area,46,"Q('AI_15_area') ~ C(Grupo, Treatment(reference='Voluntario Sano')) + Edad + C(Genero) + N_Educacional",0.27483330550681734,2,40,0.7611216375944698,0.7581119803693465,0.7802219778022198,0.013555391621008805,3.3792737413390954e-05,0.04394720380806974,0.7906890604263439,2.3746152877763582e-05,0.2311053908227668,19,17,10.0,-0.024628973219697946,-0.01446033117918819,-0.04430526762447826,0.01729148365155999,0.24712044995730578,-0.705951381354944,1.2987591183155442,0.5543449786022915,-0.0034897130138713643,-0.049873074375081504,-0.7921795451298199,0.7583853672274466,0.8833404409216232,C3,15,Prefrontal dorsolateral,AI,area,area,False,media,A_tres_grupos,0.8722127787221278,False,16
AI_15_thickness,46,"Q('AI_15_thickness') ~ C(Grupo, Treatment(reference='Voluntario Sano')) + Edad + C(Genero) + N_Educacional",2.438208817989549,2,40,0.10019272884428716,0.13274436165363052,0.10538946105389461,0.1086632555106068,0.0013965041176711344,0.26276440958893627,0.11354440662162708,0.7686735929467903,0.9425310738735508,19,17,10.0,0.01521416822401157,0.0053435228049570046,0.012936322071410097,0.0023877467429185726,0.1644835460976658,-0.6294481687155675,1.1074503563095943,0.6935602926478133,0.010475746420548122,0.7216376378198018,0.0086438000392251,1.4300978889777607,0.038782813153895014,C3,15,Prefrontal dorsolateral,AI,thickness,thickness,False,media,A_tres_grupos,0.9040238833259532,False,16
AI_15_volume,46,"Q('AI_15_volume') ~ C(Grupo, Treatment(reference='Voluntario Sano')) + Edad + C(Genero) + N_Educacional",0.17889030668731828,2,40,0.8368629160335099,0.8726268271428198,0.8458154184581542,0.008865220236022282,1.2603535421022395e-05,0.026969544216147806,0.9716664069062746,3.975668866933402e-05,0.3258899064317248,19,17,10.0,-0.008748852683344134,-0.006181993857087963,-0.029633640715532806,0.018497971550380743,0.24583678093712574,-0.694525463531515,1.3186587189002725,0.5563953961250186,0.004592528848759521,0.061034395337076094,-0.7824402461922586,0.8335677505318319,0.8574960426516139,C3,15,Prefrontal dorsolateral,AI,volume,volume,False,media,A_tres_grupos,0.9397949093979491,False,20
AI_16a_LGI,45,"Q('AI_16a_LGI') ~ C(Grupo, Treatment(reference='Voluntario Sano')) + Edad + C(Genero) + N_Educacional",2.8559957609261715,2,39,0.06958114306620018,0.07306057387269736,0.068993100689931,0.12775077395200993,0.004321965597686549,0.31174119595178923,0.22297507762908755,0.7135886390221788,0.687049919823942,18,17,10.0,-0.0011766763065675628,0.009798912155303919,0.00890740689308141,-0.011783195847914985,-0.6748911474045068,-1.6835341640119517,0.4307011211308844,0.11150547797692077,-0.013548554226514735,-0.7760033377721283,-1.4638932442163661,0.004342648600121676,0.028761559393102872,C3,16a,Precentral,AI,LGI,LGI,False,media,A_tres_grupos,0.23805619438056197,False,16
AI_16a_area,46,"Q('AI_16a_area') ~ C(Grupo, Treatment(reference='Voluntario Sano')) + Edad + C(Genero) + N_Educacional",1.3216570473061982,2,40,0.27808709920999064,0.5756718105728915,0.27977202279772023,0.06198660096510547,0.0013882162133094674,0.25737208326218786,0.9334954898020735,0.0003483439239138425,0.011419847495765875,19,17,10.0,0.006940240264853071,0.00702068168435465,0.04602404547214529,-0.0339172807916948,-0.626294690153995,-1.7823366827728977,0.46754677590150473,0.13859672963899558,-0.0017258646002519112,-0.031868705563424624,-0.5694831667171242,0.4660253793998274,0.92529086189617,C3,16a,Precentral,AI,area,area,False,media,A_tres_grupos,0.8722127787221278,False,16
AI_16a_thickness,46,"Q('AI_16a_thickness') ~ C(Grupo, Treatment(reference='Voluntario Sano')) + Edad + C(Genero) + N_Educacional",0.25233503491462866,2,40,0.7782118630428425,0.8257440613639175,0.791020897910209,0.012459552662920498,4.388649269763485e-07,0.04366437734504431,0.5358526819877281,0.00017059272521434938,0.8887217792731364,19,17,10.0,0.012316732726550692,0.006487009020883149,0.009324569260960942,0.003446333725419296,0.16430434384622317,-0.6640516640162629,0.8899321026321982,0.693876637702946,0.0049710237340140585,0.23699410966412182,-0.789166674167997,0.9560676569278039,0.486899713222594,C3,16a,Precentral,AI,thickness,thickness,False,media,A_tres_grupos,0.9040238833259532,False,16
AI_16a_volume,46,"Q('AI_16a_volume') ~ C(Grupo, Treatment(reference='Voluntario Sano')) + Edad + C(Genero) + N_Educacional",0.8004147154305108,2,40,0.4562049932296078,0.6195966364274357,0.47105289471052897,0.038480709465698,0.0005074873218836855,0.16537965434756322,0.8520868776395157,0.004164114577239217,0.003347755581358329,19,17,10.0,0.017803191429679243,0.010022870637605558,0.04944819762104999,-0.025523003080280455,-0.41892492292498595,-1.6361730284363298,0.6115061058465179,0.31817047118673447,0.005413260090859712,0.08885120450768635,-0.5085639086150788,0.5858629920962916,0.7938305395603218,C3,16a,Precentral,AI,volume,volume,False,media,A_tres_grupos,0.8090857580908577,False,20
AI_16b_LGI,45,"Q('AI_16b_LGI') ~ C(Grupo, Treatment(reference='Voluntario Sano')) + Edad + C(Genero) + N_Educacional",2.745929138917939,2,39,0.07661066041835994,0.14440461337546118,0.07439256074392561,0.12343512926659908,0.0065563412580562615,0.31082448360967524,0.2610190507064452,0.1996111238822842,0.6959435699537028,18,17,10.0,0.009029345651144688,0.01686793280326536,0.016596945737452195,-0.010322512078000723,-0.7523451845877284,-1.6203451840273686,0.13843346195630205,0.07718604951132449,-0.00987653466380042,-0.7198406006770385,-1.390442987173016,0.05052307127020125,0.04165345950790253,C3,16b,Postcentral,AI,LGI,LGI,False,media,A_tres_grupos,0.23805619438056197,False,16
AI_16b_area,46,"Q('AI_16b_area') ~ C(Grupo, Treatment(reference='Voluntario Sano')) + Edad + C(Genero) + N_Educacional",0.18976592681163823,2,40,0.8278930466508903,0.8615433073130389,0.8273172682731726,0.00939911475445253,3.40785332505147e-06,0.03211876388276657,0.6778128996928665,0.24176329680776015,0.8593586100754654,19,17,10.0,0.04241441515505678,0.030533392190349683,0.04495232612751295,0.006755134597404352,0.14178794183381038,-0.8339676868018913,1.003117216093892,0.7340484135482782,0.009796593050711688,0.20562710418494923,-0.6526762433917637,0.8638226800123137,0.5460538891315608,C3,16b,Postcentral,AI,area,area,False,media,A_tres_grupos,0.8722127787221278,False,16
AI_16b_thickness,46,"Q('AI_16b_thickness') ~ C(Grupo, Treatment(reference='Voluntario Sano')) + Edad + C(Genero) + N_Educacional",0.3956717321732544,2,40,0.6758333913144049,0.7741823001671444,0.6821317868213179,0.019399789198857327,4.5269957312025404e-05,0.0812003864535319,0.6453080292173037,0.032079250054845874,0.8824896133184665,19,17,10.0,0.005059944115056469,-5.2009449357320426e-05,0.007537111335402827,-0.001005793350323653,-0.04825380168635563,-0.7885368180974975,0.8542612319304479,0.9078919619809742,0.0052818690128083115,0.2534022120899337,-0.4615642119741105,1.1725137164157262,0.4574454784018992,C3,16b,Postcentral,AI,thickness,thickness,False,media,A_tres_grupos,0.9040238833259532,False,16
AI_16b_volume,46,"Q('AI_16b_volume') ~ C(Grupo, Treatment(reference='Voluntario Sano')) + Edad + C(Genero) + N_Educacional",0.3856769917984702,2,40,0.6824913341964783,0.7069614631342976,0.6767323267673233,0.01891901809067391,5.609881356066944e-05,0.0682593785137162,0.3843222045651884,0.30064295475877933,0.8687355978306125,19,17,10.0,0.04542408133566318,0.02940193092041631,0.054365912011852834,0.0015371965793039705,0.030237536299221116,-0.9189945479959473,0.9460141465018174,0.9422007273787409,0.014150864065892943,0.278355593304485,-0.4773721362438707,0.9434503201181258,0.41470209146403325,C3,16b,Postcentral,AI,volume,volume,False,media,A_tres_grupos,0.9397949093979491,False,20
AI_17_volume,46,"Q('AI_17_volume') ~ C(Grupo, Treatment(reference='Voluntario Sano')) + Edad + C(Genero) + N_Educacional",0.26394985465971554,2,40,0.7693392181566204,0.7619959672929387,0.7727227277272273,0.013025587634832211,1.8614294298123522e-06,0.04610370553469765,0.6794081525212753,0.9219429648896496,0.5571148666554143,19,17,10.0,0.01877974730503937,0.018389069457421366,0.01467422452583767,0.0057711519515144805,0.27775289207282855,-0.6311845855076139,0.9390319255230659,0.5065824265186705,0.00020039341649675385,0.009644495839296321,-0.7322120650926451,0.7076693717082821,0.977359368526006,C3,17,Tálamo,AI,volume,volume,False,media,A_tres_grupos,0.9397949093979491,False,20
AI_18_volume,46,"Q('AI_18_volume') ~ C(Grupo, Treatment(reference='Voluntario Sano')) + Edad + C(Genero) + N_Educacional",0.7256309214678933,2,40,0.4902806039256296,0.493188762812861,0.4854514548545146,0.03501128261028111,0.0004232071687144883,0.1442812199922457,0.7791696801356427,0.6862704510689998,0.06291568508069217,19,17,10.0,-0.028211956986321424,-0.01753966001854787,-0.021078465153879882,-0.011022015275768678,-0.346030558943417,-0.9475187063940438,0.3198153770302096,0.40870656579110215,-0.012260128093525864,-0.3849004806087768,-1.1839013022869007,0.3455590269639201,0.26118873065453735,C3,18,Amígdala,AI,volume,volume,False,media,A_tres_grupos,0.8090857580908577,False,20
AI_19_volume,46,"Q('AI_19_volume') ~ C(Grupo, Treatment(reference='Voluntario Sano')) + Edad + C(Genero) + N_Educacional",1.2538547091503969,2,40,0.2963778646938011,0.25102674201795544,0.30246975302469753,0.05899422605023155,0.0003608999914632752,0.17225943532120205,0.2627328432284809,0.38673876682723135,0.3230414612542386,19,17,10.0,0.001255336009589902,0.004105644244460608,-0.0021535143082510562,0.0037383571225813473,0.3669448548742914,-0.7519677541993589,1.3917786869450866,0.3812262049061348,-0.0028089773804191778,-0.27571999234020567,-0.9829126549944293,0.44346844500385024,0.4190976937988055,C3,19,Cerebelo,AI,volume,volume,False,media,A_tres_grupos,0.8090857580908577,False,20
AI_2_LGI,45,"Q('AI_2_LGI') ~ C(Grupo, Treatment(reference='Voluntario Sano')) + Edad + C(Genero) + N_Educacional",0.17322040745674722,2,39,0.8415956829007633,0.8639195298727704,0.8343165683431657,0.008804883179730527,5.084164417708456e-07,0.030019190154717174,0.9866710430431894,0.917461637740302,0.8875090140003769,18,17,10.0,0.004544805426343375,0.0048604677099660125,0.004937472127215627,-0.003775974184153597,-0.23833979966226493,-1.1591609405354628,0.6792511505778959,0.568558178831845,-0.0019216633047041826,-0.12129554512941823,-0.8124724098023779,0.6179687967481183,0.7245471399723443,C3,2,Giro supramarginal,AI,LGI,LGI,False,alta,A_tres_grupos,0.9872012798720128,False,16
AI_2_area,46,"Q('AI_2_area') ~ C(Grupo, Treatment(reference='Voluntario Sano')) + Edad + C(Genero) + N_Educacional",0.25239080316104723,2,40,0.7781690055095642,0.8424636673531428,0.7781221877812219,0.012462272015887298,5.267337311278093e-05,0.043272964028233954,0.5063833567379123,0.011820329342181551,0.6966809482042527,19,17,10.0,0.04101597728263894,0.027732273407521636,0.050194481364807565,-0.006398168662771231,-0.09127718119736451,-1.0026139633773479,0.7939027885223056,0.8268002440368765,0.012294793084469917,0.17539926114876642,-0.7190112474933441,0.8994037297860857,0.6063695197021641,C3,2,Giro supramarginal,AI,area,area,False,alta,A_tres_grupos,0.8722127787221278,False,16
AI_2_thickness,46,"Q('AI_2_thickness') ~ C(Grupo, Treatment(reference='Voluntario Sano')) + Edad + C(Genero) + N_Educacional",0.5574988416942444,2,40,0.5770247268199853,0.6367701498847018,0.5712428757124287,0.027119001488816245,1.9486679980891028e-05,0.11101428432292197,0.41083687907224586,0.8116298358572571,0.9612740202045211,19,17,10.0,0.0007135131143572582,-0.004959336248431347,-0.00641069314028352,0.005676560693408001,0.3636880538591847,-0.5386831529745909,1.2073604004645269,0.3854264615239015,0.004759105618651381,0.30490819248485906,-0.4732583215807779,1.0605223037595854,0.37201382842456965,C3,2,Giro supramarginal,AI,thickness,thickness,False,alta,A_tres_grupos,0.9040238833259532,False,16
AI_2_volume,46,"Q('AI_2_volume') ~ C(Grupo, Treatment(reference='Voluntario Sano')) + Edad + C(Genero) + N_Educacional",0.3364824324977477,2,40,0.7162806111556963,0.7993740527316695,0.7236276372362763,0.016545753849743848,2.6589162334281423e-05,0.06241463342314054,0.6453080292173037,0.10045053457902625,0.9252603572024893,19,17,10.0,0.042936468796465205,0.022302087338240625,0.043279801416662864,0.0006363327357582372,0.00833679401358511,-0.846221667033481,0.8234342360613155,0.9840507668057702,0.019382955958314678,0.2539421628313892,-0.612204617690513,0.9740836650917056,0.4564941646089686,C3,2,Giro supramarginal,AI,volume,volume,False,alta,A_tres_grupos,0.9397949093979491,False,20
AI_3_LGI,45,"Q('AI_3_LGI') ~ C(Grupo, Treatment(reference='Voluntario Sano')) + Edad + C(Genero) + N_Educacional",0.1359963510652866,2,39,0.8732579306728722,0.8794161434097794,0.8714128587141285,0.00692586964439462,3.7043717187429734e-06,0.019085681684469433,0.8667664664327044,0.748266214899352,0.8332869803534708,18,17,10.0,0.006213622202687322,0.003776550978800201,0.006924555411656342,-0.0012996073111984346,-0.08185899770086782,-1.0042020515305543,0.9040835704802352,0.8444582140950321,0.0019287290234886014,0.12148579293060278,-0.546678941737123,0.818364488948059,0.7241333986178494,C3,3,Temporal superior,AI,LGI,LGI,False,alta,A_tres_grupos,0.9872012798720128,False,16
AI_3_area,46,"Q('AI_3_area') ~ C(Grupo, Treatment(reference='Voluntario Sano')) + Edad + C(Genero) + N_Educacional",2.1447277216424503,2,40,0.13037460832688558,0.1591476550878124,0.12968703129687031,0.09685048958838037,0.004160412527977031,0.26197870592255307,0.12887458594769532,0.05748389856117611,0.8511512933436174,19,17,10.0,0.03970849093691585,0.027983510893058755,0.05680047826728577,-0.016671066500063794,-0.5113390616362974,-1.3448722620690094,0.37413284544444647,0.22446863842447853,0.010868749149096073,0.33336895339226347,-0.38107342059938143,1.0095595496552645,0.3295189454349337,C3,3,Temporal superior,AI,area,area,False,alta,A_tres_grupos,0.8722127787221278,False,16
AI_3_thickness,46,"Q('AI_3_thickness') ~ C(Grupo, Treatment(reference='Voluntario Sano')) + Edad + C(Genero) + N_Educacional",0.32204758448523313,2,40,0.7265251194032851,0.7269925230814991,0.7249275072492751,0.015847201574859946,8.354460242438521e-07,0.056560348054698784,0.9180637562718564,0.823125163012027,0.683744239941261,19,17,10.0,-0.008143083910959581,-0.009178857839903567,-0.006873571128116535,-0.00435848704995861,-0.2904393203111333,-1.2003939550704963,0.6005168442338662,0.48747865244087685,0.0002974742308332317,0.019822982705455433,-0.815860329794166,0.7575170580753444,0.9534860775007882,C3,3,Temporal superior,AI,thickness,thickness,False,alta,A_tres_grupos,0.9040238833259532,False,16
AI_3_volume,46,"Q('AI_3_volume') ~ C(Grupo, Treatment(reference='Voluntario Sano')) + Edad + C(Genero) + N_Educacional",4.041695369845099,2,40,0.025194057394070338,0.04117351660503535,0.022997700229977002,0.1681119117295903,0.012486587241781751,0.34515859444183633,0.04938098384994954,0.9903210522562056,0.6544599754776379,19,17,10.0,0.03299474258193915,0.013708868958253734,0.048743635794274584,-0.01841037360767423,-0.5789421194449045,-1.4210874881093623,0.4268568467879915,0.1701319550367211,0.017774758378123756,0.5589542345714535,-0.12213563764034094,1.2046374252368797,0.10573423122695953,C3,3,Temporal superior,AI,volume,volume,False,alta,A_tres_grupos,0.45995400459954,False,20
AI_4_volume,46,"Q('AI_4_volume') ~ C(Grupo, Treatment(reference='Voluntario Sano')) + Edad + C(Genero) + N_Educacional",2.9064823338862102,2,40,0.06628753782118403,0.11698490306790833,0.06479352064793521,0.12688470850832334,0.0021877902229448607,0.28485482659871564,0.04983042025921867,0.047122091213683964,0.6814031467733267,19,17,10.0,-0.025352950999412916,-0.007211840630591843,-0.002338809339875242,-0.027075927936030635,-0.934458995669247,-1.8594766920018941,0.1685997210063853,0.0296906478760845,-0.01688785616430733,-0.582842780036548,-1.2767966922706901,0.11601436765531281,0.09209860145425447,C3,4,Hipocampo,AI,volume,volume,False,alta,A_tres_grupos,0.5592774055927741,False,20
AI_5_LGI,45,"Q('AI_5_LGI') ~ C(Grupo, Treatment(reference='Voluntario Sano')) + Edad + C(Genero) + N_Educacional",0.7156163254753005,2,39,0.49519777595957115,0.5966769983784177,0.49365063493650635,0.03539918417295522,2.052703415270331e-05,0.13452664023877112,0.4118583193581029,0.8300828089008029,0.49152126420675346,18,17,10.0,-0.012480365326383077,-0.006482906465605339,-0.004227708470126586,-0.009634366285284942,-0.4806765116185082,-1.3199940306330988,0.6880353001443914,0.2532016052568313,-0.00515486061630071,-0.25718561507336085,-0.9546044935846835,0.59685948267301,0.4562172911935676,C3,5,Corteza parahipocampal,AI,LGI,LGI,False,alta,A_tres_grupos,0.8776011287760113,False,16
AI_5_area,46,"Q('AI_5_area') ~ C(Grupo, Treatment(reference='Voluntario Sano')) + Edad + C(Genero) + N_Educacional",0.26607723798516125,2,40,0.767725636731299,0.7322901305744003,0.7602239776022398,0.013129192929672979,6.32432662650275e-06,0.04887143495759106,0.5347603389949855,0.19363850118872405,0.14463797439842946,19,17,10.0,0.022833834199939347,0.03526516922651453,0.033407232387548724,-0.011519215248657514,-0.2501862542089535,-1.1273815466184232,0.4965405369584463,0.5494635144352198,-0.009735575434953483,-0.21144731633724617,-0.8833296308734386,0.5050633588124931,0.5348041801459326,C3,5,Corteza parahipocampal,AI,area,area,False,alta,A_tres_grupos,0.8722127787221278,False,16
AI_5_thickness,46,"Q('AI_5_thickness') ~ C(Grupo, Treatment(reference='Voluntario Sano')) + Edad + C(Genero) + N_Educacional",0.2327392180673679,2,40,0.7934256482686549,0.7792666350845645,0.78992100789921,0.011503099780949936,7.786900130720469e-05,0.03990203347712296,0.7749501552039513,0.28556899314800277,0.3226116874550537,19,17,10.0,0.010972099507029376,0.01771823562390174,0.014651680132890432,-0.004622427133363206,-0.14215680053671126,-1.1554547310732202,0.7894345531652951,0.7333838310653528,-0.007461206075073092,-0.22945979529281257,-0.8755491976672636,0.5224643083000148,0.5007732095386698,C3,5,Corteza parahipocampal,AI,thickness,thickness,False,alta,A_tres_grupos,0.9040238833259532,False,16
AI_5_volume,46,"Q('AI_5_volume') ~ C(Grupo, Treatment(reference='Voluntario Sano')) + Edad + C(Genero) + N_Educacional",0.7713424352868752,2,40,0.4691466313994757,0.4012092132368216,0.4627537246275372,0.03713493423402906,1.3953570188604873e-05,0.1143257989817699,0.4682390730981081,0.5663809786003794,0.09733299215518784,19,17,10.0,0.042146472746106424,0.06325744238898043,0.06405601273794256,-0.02218666681130754,-0.41821325309034574,-1.481426096936477,0.5890018752674123,0.3189830325008889,-0.019393467538494087,-0.36556212868541493,-0.9639311021382188,0.2967260834617552,0.2855384728808983,C3,5,Corteza parahipocampal,AI,volume,volume,False,alta,A_tres_grupos,0.8090857580908577,False,20
AI_6_LGI,45,"Q('AI_6_LGI') ~ C(Grupo, Treatment(reference='Voluntario Sano')) + Edad + C(Genero) + N_Educacional",0.020869372910681392,2,39,0.9793578145231905,0.9835353348519716,0.9804019598040196,0.0010690800963835169,1.2873038473846085e-07,0.0008152552353304322,0.9965825318635031,0.5089471729417093,0.057051398685008484,18,17,10.0,-0.012834673432679439,-0.014673543274519212,-0.014963426100753014,0.001501600682325239,0.08433690846943284,-0.8701216337256467,1.117188241393679,0.8398151472181511,0.00041797977242971976,0.023475696451398145,-0.6977092760863346,0.8334204395413793,0.9455830297798828,C3,6,Corteza entorrinal,AI,LGI,LGI,False,alta,A_tres_grupos,0.9872012798720128,False,16
AI_6_area,46,"Q('AI_6_area') ~ C(Grupo, Treatment(reference='Voluntario Sano')) + Edad + C(Genero) + N_Educacional",1.562895194925221,2,40,0.22205393436994642,0.17536124301565925,0.21927807219278073,0.07248076757767877,0.0008941645698652998,0.19402000501390487,0.13767864810768515,0.45630045939387287,0.19983012046311735,19,17,10.0,0.02386844983094924,0.06559614375482865,0.05772943344821248,-0.03445601097516612,-0.5178087289925343,-1.1785461807609852,0.15705542367422307,0.21876740270078607,-0.03733598278299545,-0.5610892626103481,-1.2116980520032516,0.21694308984487853,0.10445142507486842,C3,6,Corteza entorrinal,AI,area,area,False,alta,A_tres_grupos,0.8722127787221278,False,16
AI_6_thickness,46,"Q('AI_6_thickness') ~ C(Grupo, Treatment(reference='Voluntario Sano')) + Edad + C(Genero) + N_Educacional",0.5572904271232959,2,40,0.5771417382954597,0.5798872480371127,0.5765423457654234,0.027109138195956346,9.53427313195696e-05,0.0902262676579276,0.7683995455416619,0.38882965112171436,0.3253849413178642,19,17,10.0,-0.0034620617415061514,-0.003569577451792426,-0.008951082402953288,0.008443052421305467,0.32961383019289225,-0.4721905973747528,1.2107730812451478,0.43111296092098694,-0.0025401005507410344,-0.09916464210172121,-0.822036917512481,0.8459160721410196,0.7705588679595958,C3,6,Corteza entorrinal,AI,thickness,thickness,False,alta,A_tres_grupos,0.9040238833259532,False,16
AI_6_volume,46,"Q('AI_6_volume') ~ C(Grupo, Treatment(reference='Voluntario Sano')) + Edad + C(Genero) + N_Educacional",0.7578798187244504,2,40,0.47526961439888893,0.5357350143341221,0.4717528247175283,0.036510463753663895,8.176125728090018e-05,0.1459183267583612,0.39943552874336713,0.7323451706921995,0.09898347352517704,19,17,10.0,0.023463608861640495,0.05373760678955899,0.05120969824126833,-0.022704380032971663,-0.3120266514158663,-0.9520472291587098,0.37183538543764216,0.4559193759281396,-0.029510785112818225,-0.405567183337913,-1.118679754067922,0.4670826322292723,0.23685375861283686,C3,6,Corteza entorrinal,AI,volume,volume,False,alta,A_tres_grupos,0.8090857580908577,False,20
AI_7_LGI,45,"Q('AI_7_LGI') ~ C(Grupo, Treatment(reference='Voluntario Sano')) + Edad + C(Genero) + N_Educacional",2.018854999170187,2,39,0.14645402709078265,0.13938767120712592,0.1493850614938506,0.09381795635725221,0.004923534816293035,0.24536993988566047,0.272894480528194,0.36423057684594057,0.5275180618086974,18,17,10.0,-0.03160511021151746,-0.027461773363848592,-0.017666240367784164,-0.01648424171580986,-0.8290318151459164,-1.576097152672743,-0.029991539250825667,0.052471689221413556,-0.004512998910092422,-0.22696947440397622,-1.0671231881511276,0.6021856943570186,0.5104914703480877,C3,7,Precúneo,AI,LGI,LGI,False,alta,A_tres_grupos,0.39836016398360163,False,16
AI_7_area,46,"Q('AI_7_area') ~ C(Grupo, Treatment(reference='Voluntario Sano')) + Edad + C(Genero) + N_Educacional",0.14004002174943483,2,40,0.8697477792844649,0.8949426196888984,0.8722127787221278,0.00695331397545408,2.946636949647878e-05,0.023722813414259254,0.5673396246900915,0.45234667566369585,0.5272841726468834,19,17,10.0,-0.03802650870175608,-0.049200170226822715,-0.042276483391438295,0.001987997507347806,0.05209479640622857,-0.8746391688214283,0.9476843077415094,0.9005982073313434,0.006689946869542588,0.1753077752105723,-0.7049682841904354,0.9875418790900649,0.6065566823753812,C3,7,Precúneo,AI,area,area,False,alta,A_tres_grupos,0.8722127787221278,False,16
AI_7_thickness,46,"Q('AI_7_thickness') ~ C(Grupo, Treatment(reference='Voluntario Sano')) + Edad + C(Genero) + N_Educacional",0.06304981990862865,2,40,0.9389898151780031,0.9174427519538484,0.944905509449055,0.003142584027582093,8.677230123621634e-08,0.006715853542550958,0.7047237122192388,0.08321780760407038,0.07743458683766871,19,17,10.0,-0.0060173405482367055,-0.0029142416096839307,-0.006761601149006931,0.0009570340611517289,0.06243695378257765,-1.0368545951837598,1.0726735296561896,0.8810042618995877,-0.0011797665668543986,-0.07696803447128317,-0.853101685229222,0.7882911637201523,0.8208810804443732,C3,7,Precúneo,AI,thickness,thickness,False,alta,A_tres_grupos,0.9913008699130087,False,16
AI_7_volume,46,"Q('AI_7_volume') ~ C(Grupo, Treatment(reference='Voluntario Sano')) + Edad + C(Genero) + N_Educacional",0.02864749336295167,2,40,0.9717788743163752,0.9744772303191482,0.971002899710029,0.0014303259055532737,3.588534111898678e-05,0.0012281287325778478,0.8970275260093712,0.10937831255592606,0.818391154669828,19,17,10.0,-0.037220198522869105,-0.04119040842475542,-0.041626095017271283,0.0031571690205835015,0.09829320096794743,-0.8848170343942429,0.8863637945472486,0.8137318688999912,0.0014036998875626523,0.04370185892720463,-0.8390339004075388,0.8669738544253314,0.8976875119314094,C3,7,Precúneo,AI,volume,volume,False,alta,A_tres_grupos,0.971002899710029,False,20
AI_8_LGI,45,"Q('AI_8_LGI') ~ C(Grupo, Treatment(reference='Voluntario Sano')) + Edad + C(Genero) + N_Educacional",2.808568987400988,2,39,0.07252312714111338,0.06347944220145352,0.07119288071192881,0.12589642074250293,0.009409394237093294,0.2792738732393951,0.2254317977355374,0.4933246668611659,0.4955265600297242,18,17,10.0,-0.02865335285091588,-0.025169295398528847,-0.013632304496026124,-0.01889903768946144,-0.9270178131995174,-1.7092917932871838,-0.09269584283846381,0.031099061856293315,-0.0015711469706543198,-0.07706642279268976,-0.8670213320288439,0.6627339511392173,0.8227564988571126,C3,8,Istmo del cíngulo,AI,LGI,LGI,False,alta,A_tres_grupos,0.23805619438056197,False,16
AI_8_area,46,"Q('AI_8_area') ~ C(Grupo, Treatment(reference='Voluntario Sano')) + Edad + C(Genero) + N_Educacional",1.0327478208566439,2,40,0.3653251896307124,0.34292760535282485,0.3701629837016298,0.049101897177340904,0.0004368868339885167,0.18140254539614817,0.36136169690007225,0.295497718054575,0.3198830003933257,19,17,10.0,0.020430950352330408,0.046253827403101945,0.038957180312198345,-0.020258330131589092,-0.355276421888048,-1.1318113655616888,0.3214948186147652,0.39640995664071493,-0.027106207569835436,-0.4753697058845614,-1.1794328061905943,0.27683433453399164,0.16697770260853947,C3,8,Istmo del cíngulo,AI,area,area,False,alta,A_tres_grupos,0.8722127787221278,False,16
AI_8_thickness,46,"Q('AI_8_thickness') ~ C(Grupo, Treatment(reference='Voluntario Sano')) + Edad + C(Genero) + N_Educacional",1.451733071177795,2,40,0.2462363853673728,0.43001082485963993,0.24857514248575144,0.06767439564723654,0.0009689214424134886,0.2178741249169395,0.2443078171217691,0.17459265477574593,0.9882207414898715,19,17,10.0,0.013902783934690532,0.013852112554508586,-0.004961353776484796,0.018701322974461646,0.6243703287691326,-0.3407863291022479,1.5912632811383371,0.13978034136207473,-0.000866561668577695,-0.028931396706395787,-0.7039038600109178,0.6804495504133999,0.9321586110657355,C3,8,Istmo del cíngulo,AI,thickness,thickness,False,alta,A_tres_grupos,0.9040238833259532,False,16
AI_8_volume,46,"Q('AI_8_volume') ~ C(Grupo, Treatment(reference='Voluntario Sano')) + Edad + C(Genero) + N_Educacional",0.7808258483813301,2,40,0.4648832055480962,0.46735461682235263,0.4677532246775322,0.03757434156266463,6.737600393292977e-05,0.1494275300653026,0.5158671314327219,0.42928274285068824,0.6327004248008266,19,17,10.0,0.0250440328391953,0.048064997217007396,0.026310994393957683,-0.0027325631247092086,-0.04210330435761834,-0.9325425907640758,0.6324145367762184,0.9195878260743137,-0.025688176754322646,-0.3958031616907803,-1.1074482684155718,0.35000783000919616,0.24813569900694304,C3,8,Istmo del cíngulo,AI,volume,volume,False,alta,A_tres_grupos,0.8090857580908577,False,20
AI_9_LGI,45,"Q('AI_9_LGI') ~ C(Grupo, Treatment(reference='Voluntario Sano')) + Edad + C(Genero) + N_Educacional",4.029698295376215,2,39,0.025654049572734886,0.06483630602325037,0.025897410258974102,0.17126009202455794,0.006240232956982856,0.3773324366619504,0.06268592972888168,0.5733219526201869,0.6311857270342437,18,17,10.0,-0.005464147727709001,0.004750363933131524,0.007431499850875159,-0.01429271072558638,-1.038696533617071,-1.9706723584867536,0.040403330545058666,0.016487615493381298,-0.010632747221456629,-0.7727153997444693,-1.5212111048464967,0.1367399418527357,0.029404408356691388,C3,9,Parietal superior,AI,LGI,LGI,False,media,A_tres_grupos,0.20717928207179281,False,16
AI_9_area,46,"Q('AI_9_area') ~ C(Grupo, Treatment(reference='Voluntario Sano')) + Edad + C(Genero) + N_Educacional",0.5684476717941146,2,40,0.5709125505405116,0.6367533732873034,0.5895410458954105,0.027636877651862724,0.00011667773278248406,0.09498943287990666,0.5766773147398381,1.8706159771622714e-05,0.4753346179308897,19,17,10.0,-0.006267058733356541,0.006018143948484867,-0.025595749605899377,0.017415350307385467,0.26537044584583797,-0.7423732514156699,1.0318773594697326,0.5256156044847082,-0.011138650449091878,-0.16972777369530925,-1.079935729978689,0.60269413530175,0.6180225781214056,C3,9,Parietal superior,AI,area,area,False,media,A_tres_grupos,0.8722127787221278,False,16
AI_9_thickness,46,"Q('AI_9_thickness') ~ C(Grupo, Treatment(reference='Voluntario Sano')) + Edad + C(Genero) + N_Educacional",0.5197699591474262,2,40,0.5986185336648493,0.6166202575003088,0.6027397260273972,0.02533020400239526,1.1405353853490302e-05,0.09436420597777456,0.7561139953444537,0.19589593947357398,0.3802957188796058,19,17,10.0,0.007482331694694531,0.00919916069063334,0.005177362640375464,0.003875256247471308,0.26039058679669336,-0.5905194263286035,0.9582909669459583,0.5333759275368855,-0.002325483154300591,-0.15625648588510266,-0.8826257450106333,0.5607868627047902,0.6461003703994358,C3,9,Parietal superior,AI,thickness,thickness,False,media,A_tres_grupos,0.9040238833259532,False,16
AI_9_volume,46,"Q('AI_9_volume') ~ C(Grupo, Treatment(reference='Voluntario Sano')) + Edad + C(Genero) + N_Educacional",0.9435028015761665,2,40,0.39775306011719125,0.4453985601370326,0.405959404059594,0.04504990452242594,0.00017009932119796246,0.14352442799258483,0.2708637768280923,4.949240396846895e-05,0.7412359560740309,19,17,10.0,0.0014436751536584579,0.014010242485977287,-0.025479237232625206,0.026316256937585963,0.39408908116584423,-0.5289077622940647,1.1320379481469638,0.34736101270525344,-0.011214188620020368,-0.1679338098790311,-1.0603988812884035,0.614519237605014,0.6217296503520353,C3,9,Parietal superior,AI,volume,volume,False,media,A_tres_grupos,0.8090857580908577,False,20
AI_1_LGI,35,"Q('AI_1_LGI') ~ C(Grupo, Treatment(reference='Vestibular')) + Edad + C(Genero) + N_Educacional",0.01754177413790679,1,30,0.8955163966897314,0.9037829007078739,0.8908109189081092,0.0005843841001337487,1.5115480088997026e-09,0.0039784077685188135,0.6920614909359388,0.49577598230474496,0.5518267258144851,18,17,,-0.006767198685599912,-0.009177367045430186,,,,,,,0.0009969071757924511,0.0453803829741485,-0.6541393913265249,0.8327216975418822,0.8955163966897327,C3,1,Ínsula posterior,AI,LGI,LGI,False,alta,dirigido_MPPP_vs_Vest,0.9843282338432823,False,16
AI_1_area,36,"Q('AI_1_area') ~ C(Grupo, Treatment(reference='Vestibular')) + Edad + C(Genero) + N_Educacional",0.22492284614829358,1,31,0.6386379819080217,0.6497817672297166,0.6377362263773623,0.007203311510376994,6.823421063206687e-08,0.07620571351225726,0.4956930259286003,0.7944365991141751,0.9640900805066027,19,17,,0.09022428680637795,0.0971175973597995,,,,,,,-0.004219248292427685,-0.16062110236632723,-0.8663159762434542,0.5997563382355351,0.6386379819080206,C3,1,Ínsula posterior,AI,area,area,False,alta,dirigido_MPPP_vs_Vest,0.7849061247721382,False,16
AI_1_thickness,36,"Q('AI_1_thickness') ~ C(Grupo, Treatment(reference='Vestibular')) + Edad + C(Genero) + N_Educacional",0.4209847468091713,1,31,0.5212241870581528,0.582346230386164,0.5235476452354765,0.01339820346820679,8.378595117059129e-07,0.126765893258507,0.6920355168654702,0.4018523635306717,0.42359778645503454,19,17,,-0.015416167259570117,-0.011756473598181046,,,,,,,-0.004156635773581945,-0.21974499761411045,-0.99321202109935,0.5665404860734268,0.5212241870581535,C3,1,Ínsula posterior,AI,thickness,thickness,False,alta,dirigido_MPPP_vs_Vest,0.8584741525847415,False,16
AI_1_volume,36,"Q('AI_1_volume') ~ C(Grupo, Treatment(reference='Vestibular')) + Edad + C(Genero) + N_Educacional",0.6456922710007147,1,31,0.42777582484804283,0.4792910781980279,0.42245775422457754,0.020403796683329638,8.960685074598049e-06,0.1813137566167785,0.31820301451811916,0.5779277321149834,0.7324420485177439,19,17,,0.06573157717109322,0.07563697445132207,,,,,,,-0.007600695528511283,-0.27214390422370527,-0.9883615321253079,0.5205158246159645,0.42777582484804405,C3,1,Ínsula posterior,AI,volume,volume,False,alta,dirigido_MPPP_vs_Vest,0.7510677503678204,False,20
AI_10_LGI,35,"Q('AI_10_LGI') ~ C(Grupo, Treatment(reference='Vestibular')) + Edad + C(Genero) + N_Educacional",0.009242100719868728,1,30,0.9240520251313138,0.9263605955384265,0.9228077192280771,0.0003079751460849798,2.320300088869065e-11,0.0010269098624905403,0.8949687316194428,0.7579633745031563,0.602471782873275,18,17,,-0.002224394519611031,-0.0022948968411017033,,,,,,,-0.0005871902335139556,-0.03293948067507052,-0.7263146354110007,0.7097059927929904,0.9240520251313025,C3,10,Parietal inferior,AI,LGI,LGI,False,media,dirigido_MPPP_vs_Vest,0.9843282338432823,False,16
AI_10_area,36,"Q('AI_10_area') ~ C(Grupo, Treatment(reference='Vestibular')) + Edad + C(Genero) + N_Educacional",0.3424066739303385,1,31,0.5626788706346215,0.5941682751044979,0.5685431456854314,0.01092470905289931,1.616021624560084e-08,0.09942086091092582,0.3835318014716661,0.8520098204633058,0.03221275679927295,19,17,,-0.07507549051170927,-0.06494410977897229,,,,,,,-0.010329077557733116,-0.19817867823366456,-0.9335027573095632,0.6542686349285183,0.5626788706346231,C3,10,Parietal inferior,AI,area,area,False,media,dirigido_MPPP_vs_Vest,0.7849061247721382,False,16
AI_10_thickness,36,"Q('AI_10_thickness') ~ C(Grupo, Treatment(reference='Vestibular')) + Edad + C(Genero) + N_Educacional",0.7536634012583803,1,31,0.39199009900153536,0.4526209819986074,0.3932606739326067,0.023734691387719158,4.078011323890548e-06,0.1985943783942261,0.23472205849645875,0.40383716307469736,0.30305736747741163,19,17,,0.0016000162727198028,-0.0019330041151779543,,,,,,,0.003364308273959636,0.29401841360539216,-0.5362124620862091,1.1414159108766244,0.3919900990015333,C3,10,Parietal inferior,AI,thickness,thickness,False,media,dirigido_MPPP_vs_Vest,0.8584741525847415,False,16
AI_10_volume,36,"Q('AI_10_volume') ~ C(Grupo, Treatment(reference='Vestibular')) + Edad + C(Genero) + N_Educacional",0.25485254005819136,1,31,0.6172488578551695,0.6467784260119636,0.6156384361563844,0.008154015115942596,2.3276782529953635e-09,0.08184486093447225,0.4375454955608403,0.20891634960045935,0.027065036503365232,19,17,,-0.07799356257742623,-0.06949191319748621,,,,,,,-0.009028801547392117,-0.1709740897413667,-0.9184137522776348,0.6629582929767804,0.6172488578551737,C3,10,Parietal inferior,AI,volume,volume,False,media,dirigido_MPPP_vs_Vest,0.8089191080891911,False,20
AI_11_LGI,35,"Q('AI_11_LGI') ~ C(Grupo, Treatment(reference='Vestibular')) + Edad + C(Genero) + N_Educacional",2.0291891526685144,1,30,0.16462302339038518,0.18213557465345748,0.1598840115988401,0.06335437163258478,3.8377786689735506e-05,0.26158433630019956,0.18676934547969057,0.5005306906741585,0.2014954798992738,18,17,,0.0011916385044590163,-0.00875000517579898,,,,,,,0.009176470576274538,0.48808185802763093,-0.3724516172993239,1.1572352273559718,0.16462302339038506,C3,11,Occipital lateral,AI,LGI,LGI,False,media,dirigido_MPPP_vs_Vest,0.5855414458554145,False,16
AI_11_area,36,"Q('AI_11_area') ~ C(Grupo, Treatment(reference='Vestibular')) + Edad + C(Genero) + N_Educacional",3.2546185588726475,1,31,0.08094787100529066,0.1011660123062618,0.07879212078792121,0.09501254708993497,0.00040426351777507594,0.34433577739524523,0.09619324100600886,0.9038113499187304,0.09019648991913398,19,17,,-0.004595317251610771,0.016635598597844282,,,,,,,-0.02228891424625997,-0.6109924803746055,-1.3671842928699678,0.2013066489237369,0.08094787100529059,C3,11,Occipital lateral,AI,area,area,False,media,dirigido_MPPP_vs_Vest,0.7849061247721382,False,16
AI_11_thickness,36,"Q('AI_11_thickness') ~ C(Grupo, Treatment(reference='Vestibular')) + Edad + C(Genero) + N_Educacional",0.04038762453864437,1,31,0.8420373763919604,0.8420793984678926,0.83991600839916,0.0013011314493610372,2.4269605136929486e-10,0.011549008769303822,0.45647901129931145,0.011250329183732121,0.05341140081882275,19,17,,-0.01271776911373332,-0.012139356985133201,,,,,,,-0.0012307735506413868,-0.06806282519744634,-0.7986203003845929,0.6191471333864842,0.8420373763919624,C3,11,Occipital lateral,AI,thickness,thickness,False,media,dirigido_MPPP_vs_Vest,0.95990400959904,False,16
AI_11_volume,36,"Q('AI_11_volume') ~ C(Grupo, Treatment(reference='Vestibular')) + Edad + C(Genero) + N_Educacional",4.446676078514541,1,31,0.04314819531924368,0.04661304034379894,0.0471952804719528,0.12544691267144864,0.004405815348433422,0.35461002123481106,0.05522572918459422,0.297310566243969,0.05119839797091905,19,17,,-0.019048777886115077,0.0075620184144612615,,,,,,,-0.02857459366148941,-0.7141732249859806,-1.3948082595861455,-0.0038703494748158823,0.04314819531924381,C3,11,Occipital lateral,AI,volume,volume,False,media,dirigido_MPPP_vs_Vest,0.627937206279372,False,20
AI_12_LGI,35,"Q('AI_12_LGI') ~ C(Grupo, Treatment(reference='Vestibular')) + Edad + C(Genero) + N_Educacional",0.17197614177914503,1,30,0.6813120988916261,0.7167549162226169,0.6895310468953104,0.005699863375571532,7.129897697562401e-08,0.06066511944223847,0.5974447210466238,0.018736040422259813,0.2945340057570824,18,17,,-0.03271438456919685,-0.030332762350634115,,,,,,,-0.0037428655959530783,-0.14209064967527948,-1.0150626305143797,0.6119814957413496,0.6813120988916225,C3,12,Cuneus,AI,LGI,LGI,False,media,dirigido_MPPP_vs_Vest,0.9652368096523681,False,16
AI_12_area,36,"Q('AI_12_area') ~ C(Grupo, Treatment(reference='Vestibular')) + Edad + C(Genero) + N_Educacional",0.8908904073209304,1,31,0.3525348157110814,0.3930954267921494,0.34336566343365665,0.027935576459051016,3.570363870318911e-05,0.214970108110741,0.31820301451811916,0.6350510333136721,0.48209684158880967,19,17,,0.02136368934617973,0.007491332636105184,,,,,,,0.011576906535152642,0.3196671126510448,-0.45884211890130383,1.103218038760829,0.35253481571108264,C3,12,Cuneus,AI,area,area,False,media,dirigido_MPPP_vs_Vest,0.7849061247721382,False,16
AI_12_thickness,36,"Q('AI_12_thickness') ~ C(Grupo, Treatment(reference='Vestibular')) + Edad + C(Genero) + N_Educacional",2.6732703785441054,1,31,0.11216161188070341,0.10944882013115281,0.11298870112988701,0.0793884986071165,2.964249470425081e-05,0.2965581904736971,0.04420321327563909,0.01809188717718158,0.7178786552907221,19,17,,-0.008779742205812199,0.00723562830183663,,,,,,,-0.015104706384960495,-0.5537417388024731,-1.2316939997683378,0.2742296758788504,0.11216161188070413,C3,12,Cuneus,AI,thickness,thickness,False,media,dirigido_MPPP_vs_Vest,0.6026064060260641,False,16
AI_12_volume,36,"Q('AI_12_volume') ~ C(Grupo, Treatment(reference='Vestibular')) + Edad + C(Genero) + N_Educacional",0.06490295567751703,1,31,0.8005905330142864,0.8034515160892003,0.8076192380761924,0.002089269545445503,1.6693606246713402e-09,0.020488802986716254,0.7393462921707448,0.15436805197197978,0.6714112700351335,19,17,,0.006842521968382463,0.0084903122426565,,,,,,,-0.004381607241764946,-0.08628157307688168,-0.8029038695683925,0.638703716739466,0.8005905330142793,C3,12,Cuneus,AI,volume,volume,False,media,dirigido_MPPP_vs_Vest,0.9190192091901921,False,20
AI_13_LGI,35,"Q('AI_13_LGI') ~ C(Grupo, Treatment(reference='Vestibular')) + Edad + C(Genero) + N_Educacional",0.5951150700052723,1,30,0.4464820740044582,0.4448073804895407,0.4540545945405459,0.01945131007494425,7.053750876916515e-07,0.17425277367845468,0.3728579363951783,0.17980621563577598,0.633802388102878,18,17,,0.005559083517521178,0.002311735010249273,,,,,,,0.004336033257219873,0.2643211244701856,-0.5153217903826883,1.01281415520271,0.44648207400445616,C3,13,Temporal medio,AI,LGI,LGI,False,media,dirigido_MPPP_vs_Vest,0.9635036496350365,False,16
AI_13_area,36,"Q('AI_13_area') ~ C(Grupo, Treatment(reference='Vestibular')) + Edad + C(Genero) + N_Educacional",0.6458521875943227,1,31,0.4277192011692762,0.4344070069544048,0.43295670432956707,0.02040874689566764,1.358669406415308e-05,0.17441479732324225,0.401065531261771,0.5143917546916794,0.27214979387447885,19,17,,0.007108141665133826,-0.004760904685988024,,,,,,,0.009469047710531487,0.27217760265389085,-0.46279883475846406,0.9329807780200811,0.42771920116927853,C3,13,Temporal medio,AI,area,area,False,media,dirigido_MPPP_vs_Vest,0.7849061247721382,False,16
AI_13_thickness,36,"Q('AI_13_thickness') ~ C(Grupo, Treatment(reference='Vestibular')) + Edad + C(Genero) + N_Educacional",0.4984004750705337,1,31,0.48547590422640846,0.4812793639893379,0.49665033496650335,0.015823040775197257,1.8121920456802945e-06,0.13371583054396258,0.5577280486714316,0.42553695353825394,0.9145116255339992,19,17,,-0.012901003654504714,-0.009126170482557167,,,,,,,-0.003764225530726268,-0.23909750311651357,-0.8812348082643455,0.4619713577353687,0.48547590422640646,C3,13,Temporal medio,AI,thickness,thickness,False,media,dirigido_MPPP_vs_Vest,0.8584741525847415,False,16
AI_13_volume,36,"Q('AI_13_volume') ~ C(Grupo, Treatment(reference='Vestibular')) + Edad + C(Genero) + N_Educacional",0.424664925687551,1,31,0.5194209123905055,0.5296667773200741,0.5257474252574742,0.013513745546429548,1.4533020197183468e-06,0.12492831992615411,0.4375454955608403,0.8298300464077031,0.7173128222197743,19,17,,-0.006371501377292504,-0.018096924537796825,,,,,,,0.009242491713318219,0.22070339480758852,-0.5774823704090998,0.913184646550305,0.5194209123905023,C3,13,Temporal medio,AI,volume,volume,False,media,dirigido_MPPP_vs_Vest,0.7510677503678204,False,20
AI_14_LGI,35,"Q('AI_14_LGI') ~ C(Grupo, Treatment(reference='Vestibular')) + Edad + C(Genero) + N_Educacional",1.8363328247049007,1,30,0.18549789251817994,0.23101815564170552,0.18298170182981702,0.057680412967661646,7.206602367800905e-05,0.33367514309936047,0.04767038065616099,0.019861913973958263,0.3044018731417646,18,17,,-0.014654308185594545,-0.021334765320756132,,,,,,,0.00562122323770404,0.46430899566882133,-0.37015268557213504,1.2868659448222286,0.18549789251817997,C3,14,Cingulada anterior,AI,LGI,LGI,False,media,dirigido_MPPP_vs_Vest,0.5855414458554145,False,16
AI_14_area,36,"Q('AI_14_area') ~ C(Grupo, Treatment(reference='Vestibular')) + Edad + C(Genero) + N_Educacional",0.9551858218595776,1,31,0.33596855100353196,0.4025865849507728,0.34136586341365865,0.02989141816243684,5.5000477916378505e-05,0.22161664034946116,0.18849886781382444,0.9508881996931657,0.7849215815711439,19,17,,0.17584175946490993,0.1498260879822856,,,,,,,0.025453875437309155,0.33100133908537616,-0.36341569599252616,1.1713136876170651,0.33596855100353284,C3,14,Cingulada anterior,AI,area,area,False,media,dirigido_MPPP_vs_Vest,0.7849061247721382,False,16
AI_14_thickness,36,"Q('AI_14_thickness') ~ C(Grupo, Treatment(reference='Vestibular')) + Edad + C(Genero) + N_Educacional",3.3728132929867845,1,31,0.07588655906784432,0.11753101954725957,0.07649235076492351,0.09812444690626916,0.0001669051113730492,0.39623456261478507,0.0379370942547243,0.264997637720244,0.07983677165524745,19,17,,0.032828852348537045,0.017912756391683108,,,,,,,0.014881595522803947,0.6219879448625235,-0.27750931003811274,1.5656793375705609,0.07588655906784446,C3,14,Cingulada anterior,AI,thickness,thickness,False,media,dirigido_MPPP_vs_Vest,0.6026064060260641,False,16
AI_14_volume,36,"Q('AI_14_volume') ~ C(Grupo, Treatment(reference='Vestibular')) + Edad + C(Genero) + N_Educacional",1.2464140232886927,1,31,0.2728175610591109,0.3547376493391473,0.26807319268073193,0.03865279476931976,0.00010026811778655052,0.2795452912058648,0.17807030849960537,0.31793022251416203,0.30381249911516645,19,17,,0.18274819718257915,0.14720570191389215,,,,,,,0.03460328986669165,0.37810896991733606,-0.36060749400988495,1.2957906454236117,0.2728175610591101,C3,14,Cingulada anterior,AI,volume,volume,False,media,dirigido_MPPP_vs_Vest,0.7510677503678204,False,20
AI_15_LGI,35,"Q('AI_15_LGI') ~ C(Grupo, Treatment(reference='Vestibular')) + Edad + C(Genero) + N_Educacional",0.34880622656565957,1,30,0.559213019582434,0.6094179336998397,0.5603439656034397,0.011493243719759032,1.2327961708431035e-06,0.10938157786115482,0.5974447210466238,0.5710272530131391,0.5817393166352689,18,17,,-0.007094996783404556,-0.003473089657306538,,,,,,,-0.004257287726618153,-0.2023594608786445,-0.9161933924500318,0.6424924939333672,0.5592130195824337,C3,15,Prefrontal dorsolateral,AI,LGI,LGI,False,media,dirigido_MPPP_vs_Vest,0.9652368096523681,False,16
AI_15_area,36,"Q('AI_15_area') ~ C(Grupo, Treatment(reference='Vestibular')) + Edad + C(Genero) + N_Educacional",0.06928378706085206,1,31,0.7941241293056267,0.8292450081140517,0.8202179782021798,0.0022299769616738333,4.398909894240706e-08,0.021156813448222202,0.7633903885467929,1.4569827200621413e-05,0.22164114502778337,19,17,,-0.024628973219697946,-0.01446033117918819,,,,,,,-0.006024127622468102,-0.08914595177848599,-0.8757448034284723,0.8633981893105113,0.7941241293056068,C3,15,Prefrontal dorsolateral,AI,area,area,False,media,dirigido_MPPP_vs_Vest,0.8202179782021798,False,16
AI_15_thickness,36,"Q('AI_15_thickness') ~ C(Grupo, Treatment(reference='Vestibular')) + Edad + C(Genero) + N_Educacional",4.186816348493304,1,31,0.04930150931285811,0.06555626477432201,0.05299470052994701,0.11898821157977775,0.0005483377357937907,0.3433411181312402,0.05937470446699903,0.39071390487940927,0.8337281961756341,19,17,,0.01521416822401157,0.0053435228049570046,,,,,,,0.010028979127628297,0.6929912844833294,-0.08601928139695401,1.356363462787709,0.04930150931285816,C3,15,Prefrontal dorsolateral,AI,thickness,thickness,False,media,dirigido_MPPP_vs_Vest,0.6026064060260641,False,16
AI_15_volume,36,"Q('AI_15_volume') ~ C(Grupo, Treatment(reference='Vestibular')) + Edad + C(Genero) + N_Educacional",0.006218472073458335,1,31,0.9376529748055001,0.9475062393646608,0.9486051394860514,0.0002005556427030649,7.784586574584406e-08,0.0005367618903711177,0.9620897789439782,1.2736315920769865e-05,0.3815381632096399,19,17,,-0.008748852683344134,-0.006181993857087963,,,,,,,0.0019193580942269556,0.02670715710480393,-0.8666869213217755,0.9283504200992232,0.9376529748055675,C3,15,Prefrontal dorsolateral,AI,volume,volume,False,media,dirigido_MPPP_vs_Vest,0.9486051394860514,False,20
AI_16a_LGI,35,"Q('AI_16a_LGI') ~ C(Grupo, Treatment(reference='Vestibular')) + Edad + C(Genero) + N_Educacional",5.019826528787189,1,30,0.032616384055627605,0.040563808372426825,0.033396660333966606,0.14334241560736355,0.0017924524470980998,0.39821195249419566,0.1208462995250333,0.8267687939176935,0.43566201657067133,18,17,,-0.0011766763065675628,0.009798912155303919,,,,,,,-0.013227175558648935,-0.7676720944724144,-1.4995086657118883,0.06975738761092284,0.03261638405562774,C3,16a,Precentral,AI,LGI,LGI,False,media,dirigido_MPPP_vs_Vest,0.26717328267173285,False,16
AI_16a_area,36,"Q('AI_16a_area') ~ C(Grupo, Treatment(reference='Vestibular')) + Edad + C(Genero) + N_Educacional",0.061484926367115174,1,31,0.805799327571407,0.8070009010758498,0.8046195380461953,0.001979458693390494,3.9464335882813954e-08,0.02186016994085212,0.8616442690880997,0.09669937616127688,0.13688496264202954,19,17,,0.006940240264853071,0.00702068168435465,,,,,,,0.0025891216604199373,0.08397889302529228,-0.7380394826631633,0.7015795558881649,0.8057993275713904,C3,16a,Precentral,AI,area,area,False,media,dirigido_MPPP_vs_Vest,0.8202179782021798,False,16
AI_16a_thickness,36,"Q('AI_16a_thickness') ~ C(Grupo, Treatment(reference='Vestibular')) + Edad + C(Genero) + N_Educacional",0.4181263061727589,1,31,0.5226326003357366,0.6268518273778501,0.5365463453654634,0.013308441824253826,1.2108469600862876e-07,0.10507696384229459,0.33380909447762275,0.0001283071483860703,0.6264825624265487,19,17,,0.012316732726550692,0.006487009020883149,,,,,,,0.004825371199159377,0.21899770462894277,-0.9615003026449687,0.9273881609896135,0.5226326003357348,C3,16a,Precentral,AI,thickness,thickness,False,media,dirigido_MPPP_vs_Vest,0.8584741525847415,False,16
AI_16a_volume,36,"Q('AI_16a_volume') ~ C(Grupo, Treatment(reference='Vestibular')) + Edad + C(Genero) + N_Educacional",0.49655637066816294,1,31,0.48627791730754927,0.5386284970934936,0.48435156484351566,0.015765417807090544,1.3893391291475836e-08,0.11522685013520613,0.6688100139293489,0.29745812124283894,0.3492085300640493,19,17,,0.017803191429679243,0.010022870637605558,,,,,,,0.009335422529702576,0.23865475737973135,-0.6594028326832543,0.8683364425108027,0.48627791730754616,C3,16a,Precentral,AI,volume,volume,False,media,dirigido_MPPP_vs_Vest,0.7510677503678204,False,20
AI_16b_LGI,35,"Q('AI_16b_LGI') ~ C(Grupo, Treatment(reference='Vestibular')) + Edad + C(Genero) + N_Educacional",3.6698137177474552,1,30,0.06498057867416293,0.07807309833711593,0.0664933506649335,0.10899417943061224,0.0012745941238197882,0.32441686731965946,0.17599122082893362,0.28472336062294146,0.8315000329688262,18,17,,0.009029345651144688,0.01686793280326536,,,,,,,-0.009711578137829987,-0.6563770823433839,-1.3527046659159048,0.07974688436416054,0.06498057867416293,C3,16b,Postcentral,AI,LGI,LGI,False,media,dirigido_MPPP_vs_Vest,0.354631203546312,False,16
AI_16b_area,36,"Q('AI_16b_area') ~ C(Grupo, Treatment(reference='Vestibular')) + Edad + C(Genero) + N_Educacional",0.39938625590170496,1,31,0.5320397987093994,0.5874415608588442,0.5403459654034597,0.012719556129115035,1.3556912511678633e-07,0.10892621535915649,0.4956930259286003,0.2164269139326287,0.6399583145008627,19,17,,0.04241441515505678,0.030533392190349683,,,,,,,0.010399846424599062,0.21403380621204093,-0.6083922549492703,0.9083810093349698,0.5320397987094003,C3,16b,Postcentral,AI,area,area,False,media,dirigido_MPPP_vs_Vest,0.7849061247721382,False,16
AI_16b_thickness,36,"Q('AI_16b_thickness') ~ C(Grupo, Treatment(reference='Vestibular')) + Edad + C(Genero) + N_Educacional",0.5720214705062502,1,31,0.4551663259767931,0.5580434909457531,0.46055394460553944,0.01811798687140187,4.2792765094803465e-06,0.14549539952421273,0.45647901129931145,0.05624374317600018,0.8472287060387895,19,17,,0.005059944115056469,-5.2009449357320426e-05,,,,,,,0.005610657469581063,0.25614859735548196,-0.4456268105751365,1.16937397626005,0.4551663259767891,C3,16b,Postcentral,AI,thickness,thickness,False,media,dirigido_MPPP_vs_Vest,0.8584741525847415,False,16
AI_16b_volume,36,"Q('AI_16b_volume') ~ C(Grupo, Treatment(reference='Vestibular')) + Edad + C(Genero) + N_Educacional",0.791511246535331,1,31,0.38049592101956053,0.4174346345878862,0.37796220377962203,0.02489693680798489,9.51945458753655e-06,0.1826361575400662,0.4758645633414271,0.2956345748947956,0.5715645756080784,19,17,,0.04542408133566318,0.02940193092041631,,,,,,,0.015244060484517583,0.30131056655943883,-0.45626409436487725,1.0070653275129564,0.3804959210195587,C3,16b,Postcentral,AI,volume,volume,False,media,dirigido_MPPP_vs_Vest,0.7510677503678204,False,20
AI_17_volume,36,"Q('AI_17_volume') ~ C(Grupo, Treatment(reference='Vestibular')) + Edad + C(Genero) + N_Educacional",0.015605558302977315,1,31,0.9013917230828341,0.9045793657465533,0.9069093090690931,0.0005031518173534309,1.3812112546477041e-09,0.002880473463315927,0.9873590301307863,0.859386561714397,0.28593255480200785,19,17,,0.01877974730503937,0.018389069457421366,,,,,,,0.0008996826785428211,0.042308289975961776,-0.7218550277266491,0.707487086729082,0.9013917230828501,C3,17,Tálamo,AI,volume,volume,False,media,dirigido_MPPP_vs_Vest,0.9486051394860514,False,20
AI_18_volume,36,"Q('AI_18_volume') ~ C(Grupo, Treatment(reference='Vestibular')) + Edad + C(Genero) + N_Educacional",1.1770064083003244,1,31,0.2863316178178637,0.32774250742803707,0.2776722327767223,0.03657911470585735,0.00011572809355109038,0.23199361976025104,0.4956930259286003,0.6698078769302362,0.249867607012204,19,17,,-0.028211956986321424,-0.01753966001854787,,,,,,,-0.01279957812093815,-0.36743052279508653,-1.169149885344327,0.3318502527589832,0.2863316178178644,C3,18,Amígdala,AI,volume,volume,False,media,dirigido_MPPP_vs_Vest,0.7510677503678204,False,20
AI_19_volume,36,"Q('AI_19_volume') ~ C(Grupo, Treatment(reference='Vestibular')) + Edad + C(Genero) + N_Educacional",0.4875676717297452,1,31,0.49021950488862814,0.5073508834289938,0.48385161483851613,0.015484450142762044,4.76958851247896e-06,0.14590763049732602,0.5577280486714316,0.7732491772265928,0.4286953101982195,19,17,,0.001255336009589902,0.004105644244460608,,,,,,,-0.0024960872874142236,-0.23648481969606505,-0.9334110707914303,0.5081227732749627,0.4902195048886283,C3,19,Cerebelo,AI,volume,volume,False,media,dirigido_MPPP_vs_Vest,0.7510677503678204,False,20
AI_2_LGI,35,"Q('AI_2_LGI') ~ C(Grupo, Treatment(reference='Vestibular')) + Edad + C(Genero) + N_Educacional",0.13690797394826662,1,30,0.7139738859423344,0.7233173622624064,0.7181281871812819,0.0045428673063147755,1.1617412430217934e-07,0.046497496903061736,0.9736706657033815,0.983804680341849,0.6289129715579114,18,17,,0.004544805426343375,0.0048604677099660125,,,,,,,-0.002054559340193748,-0.1267785472766933,-0.8524275022223661,0.5874407707401229,0.7139738859423261,C3,2,Giro supramarginal,AI,LGI,LGI,False,alta,dirigido_MPPP_vs_Vest,0.9652368096523681,False,16
AI_2_area,36,"Q('AI_2_area') ~ C(Grupo, Treatment(reference='Vestibular')) + Edad + C(Genero) + N_Educacional",0.16874225214608776,1,31,0.6840577559704033,0.747690231293123,0.7030296970302969,0.005413829367287646,3.772099198816212e-09,0.04719188258640853,0.401065531261771,0.0031379286378538053,0.6395351513689037,19,17,,0.04101597728263894,0.027732273407521636,,,,,,,0.009421410944612695,0.13912261672363865,-0.9574060816226858,0.848985284558184,0.6840577559704037,C3,2,Giro supramarginal,AI,area,area,False,alta,dirigido_MPPP_vs_Vest,0.8034625108917679,False,16
AI_2_thickness,36,"Q('AI_2_thickness') ~ C(Grupo, Treatment(reference='Vestibular')) + Edad + C(Genero) + N_Educacional",1.0695278301907312,1,31,0.3090528900390857,0.3386889519427517,0.30796920307969206,0.03335028304295337,2.959482994474668e-05,0.22983483246158423,0.23472205849645875,0.8726374123618803,0.926325508890339,19,17,,0.0007135131143572582,-0.004959336248431347,,,,,,,0.005493170986756074,0.3502529984864671,-0.4605695705375332,1.1146312594032748,0.3090528900390857,C3,2,Giro supramarginal,AI,thickness,thickness,False,alta,dirigido_MPPP_vs_Vest,0.8584741525847415,False,16
AI_2_volume,36,"Q('AI_2_volume') ~ C(Grupo, Treatment(reference='Vestibular')) + Edad + C(Genero) + N_Educacional",0.4343093270880205,1,31,0.5147477787921194,0.5969969215187394,0.5226477352264773,0.0138164106794534,9.45466980661552e-09,0.11681762634990299,0.4758645633414271,0.07375275786243925,0.8192758074843086,19,17,,0.042936468796465205,0.022302087338240625,,,,,,,0.017013010332502326,0.22319547990076372,-0.7440847485053643,0.9239306218637249,0.5147477787921187,C3,2,Giro supramarginal,AI,volume,volume,False,alta,dirigido_MPPP_vs_Vest,0.7510677503678204,False,20
AI_3_LGI,35,"Q('AI_3_LGI') ~ C(Grupo, Treatment(reference='Vestibular')) + Edad + C(Genero) + N_Educacional",0.12866270483024927,1,30,0.7223347178080578,0.7355190212889768,0.7239276072392761,0.004270441940644846,5.5211499446313415e-09,0.04754392974615488,0.7413628011959652,0.638788934368247,0.6443858851032418,18,17,,0.006213622202687322,0.003776550978800201,,,,,,,0.0017776667925589367,0.12290165688366302,-0.6302629177182396,0.8604246836933281,0.7223347178080616,C3,3,Temporal superior,AI,LGI,LGI,False,alta,dirigido_MPPP_vs_Vest,0.9652368096523681,False,16
AI_3_area,36,"Q('AI_3_area') ~ C(Grupo, Treatment(reference='Vestibular')) + Edad + C(Genero) + N_Educacional",0.892934041058816,1,31,0.35199087874235774,0.3790573754927599,0.35236476352364765,0.027997864351685452,2.133401770203301e-05,0.1940114058102578,0.3030827770924374,0.09949852349279592,0.9870490956131673,19,17,,0.03970849093691585,0.027983510893058755,,,,,,,0.010311205579413837,0.32003354845231785,-0.4324129079824156,1.0745476536442056,0.3519908787423585,C3,3,Temporal superior,AI,area,area,False,alta,dirigido_MPPP_vs_Vest,0.7849061247721382,False,16
AI_3_thickness,36,"Q('AI_3_thickness') ~ C(Grupo, Treatment(reference='Vestibular')) + Edad + C(Genero) + N_Educacional",0.0034587162927437196,1,31,0.9534802462391015,0.9576770230677071,0.9497050294970503,0.00011155904650490227,1.0530045090829267e-08,0.00037407090757149593,0.7155543412978354,0.8746948202447666,0.7252936799610596,19,17,,-0.008143083910959581,-0.009178857839903567,,,,,,,0.0003127950795178739,0.0199178880414531,-0.8036986730910777,0.7600358937252377,0.9534802462391073,C3,3,Temporal superior,AI,thickness,thickness,False,alta,dirigido_MPPP_vs_Vest,0.9874012598740126,False,16
AI_3_volume,36,"Q('AI_3_volume') ~ C(Grupo, Treatment(reference='Vestibular')) + Edad + C(Genero) + N_Educacional",2.7955177548646817,1,31,0.10459369329788937,0.11639804018004697,0.10378962103789621,0.08271859526289643,0.0006512922641065625,0.30284832453433685,0.10954963655164406,0.9093105118566394,0.8264258985131704,19,17,,0.03299474258193915,0.013708868958253734,,,,,,,0.017304591323634877,0.5662613818962973,-0.1370598391330382,1.2391041864209016,0.1045936932978901,C3,3,Temporal superior,AI,volume,volume,False,alta,dirigido_MPPP_vs_Vest,0.6919308069193081,False,20
AI_4_volume,36,"Q('AI_4_volume') ~ C(Grupo, Treatment(reference='Vestibular')) + Edad + C(Genero) + N_Educacional",3.6445137956242943,1,31,0.0655487664815866,0.10251781552659044,0.0627937206279372,0.10519742944363697,0.0005166433032600263,0.32948942903177514,0.05522572918459422,0.47845691347149544,0.5600407304086101,19,17,,-0.025352950999412916,-0.007211840630591843,,,,,,,-0.01752312933120831,-0.6465552109327889,-1.3457897071460765,0.10109265113894543,0.0655487664815864,C3,4,Hipocampo,AI,volume,volume,False,alta,dirigido_MPPP_vs_Vest,0.627937206279372,False,20
AI_5_LGI,35,"Q('AI_5_LGI') ~ C(Grupo, Treatment(reference='Vestibular')) + Edad + C(Genero) + N_Educacional",0.6913857350899466,1,30,0.41226305844642175,0.45984619043162434,0.4146585341465853,0.022527028953908533,2.502293583392999e-06,0.183877117985415,0.322102008128892,0.7485946617563128,0.32671418515783873,18,17,,-0.012480365326383077,-0.006482906465605339,,,,,,,-0.00560923888501286,-0.28489944723463445,-1.0299213986596052,0.603834169981638,0.41226305844642336,C3,5,Corteza parahipocampal,AI,LGI,LGI,False,alta,dirigido_MPPP_vs_Vest,0.9635036496350365,False,16
AI_5_area,36,"Q('AI_5_area') ~ C(Grupo, Treatment(reference='Vestibular')) + Edad + C(Genero) + N_Educacional",0.24305467431256206,1,31,0.6254828099687142,0.6229285279946806,0.6293370662933707,0.00777947857039718,1.7513046690093649e-07,0.08332965896024062,0.27429718847955326,0.20822478661676275,0.07619399942740174,19,17,,0.022833834199939347,0.03526516922651453,,,,,,,-0.007688105430913284,-0.16696975343170428,-0.8725161539174359,0.5598379084831467,0.6254828099687096,C3,5,Corteza parahipocampal,AI,area,area,False,alta,dirigido_MPPP_vs_Vest,0.7849061247721382,False,16
AI_5_thickness,36,"Q('AI_5_thickness') ~ C(Grupo, Treatment(reference='Vestibular')) + Edad + C(Genero) + N_Educacional",0.541929062494358,1,31,0.4671687094210666,0.4713853662029495,0.4617538246175382,0.017181227610417495,2.6015546300171653e-06,0.1464615702116101,0.45647901129931145,0.21048056692814465,0.18748097221116414,19,17,,0.010972099507029376,0.01771823562390174,,,,,,,-0.007827325317225263,-0.24931995393286066,-0.9447944027234754,0.47987461783921875,0.4671687094210647,C3,5,Corteza parahipocampal,AI,thickness,thickness,False,alta,dirigido_MPPP_vs_Vest,0.8584741525847415,False,16
AI_5_volume,36,"Q('AI_5_volume') ~ C(Grupo, Treatment(reference='Vestibular')) + Edad + C(Genero) + N_Educacional",1.2090432252065095,1,31,0.2799877537527529,0.2750846684556174,0.2792720727927207,0.03753738404313491,5.530142985000364e-05,0.19953399346518744,0.2106945987455428,0.7904861218811742,0.16095203139714562,19,17,,0.042146472746106424,0.06325744238898043,,,,,,,-0.01752691436627775,-0.37239747783654636,-1.0650617429188582,0.3241495337870337,0.2799877537527513,C3,5,Corteza parahipocampal,AI,volume,volume,False,alta,dirigido_MPPP_vs_Vest,0.7510677503678204,False,20
AI_6_LGI,35,"Q('AI_6_LGI') ~ C(Grupo, Treatment(reference='Vestibular')) + Edad + C(Genero) + N_Educacional",0.0003564368000016831,1,30,0.985062214490887,0.9860706500573981,0.9854014598540146,1.1881085504852839e-05,1.6558758873482432e-07,3.2914151627392142e-06,0.8949687316194428,0.44535474071646797,0.04150899790962808,18,17,,-0.012834673432679439,-0.014673543274519212,,,,,,,0.0001214716713018385,0.006468784259853446,-0.6932971110787405,0.7719255003557638,0.9850622144906661,C3,6,Corteza entorrinal,AI,LGI,LGI,False,alta,dirigido_MPPP_vs_Vest,0.9854014598540146,False,16
AI_6_area,36,"Q('AI_6_area') ~ C(Grupo, Treatment(reference='Vestibular')) + Edad + C(Genero) + N_Educacional",2.7549453721700385,1,31,0.10703835080191929,0.0982546212044396,0.1090890910908909,0.08161605186425246,0.0004466983910993174,0.27855596441577174,0.06844991112706902,0.3105483451491634,0.08374072172354062,19,17,,0.02386844983094924,0.06559614375482865,,,,,,,-0.039145144519565384,-0.5621371828049069,-1.1828538315282497,0.1923179724750065,0.10703835080191945,C3,6,Corteza entorrinal,AI,area,area,False,alta,dirigido_MPPP_vs_Vest,0.7849061247721382,False,16
AI_6_thickness,36,"Q('AI_6_thickness') ~ C(Grupo, Treatment(reference='Vestibular')) + Edad + C(Genero) + N_Educacional",0.09334786882340344,1,31,0.7620056550407194,0.7994623552235972,0.758024197580242,0.003002181341720402,7.545442792204813e-08,0.02578238896646153,0.7876649183903306,0.3299080079890101,0.4738546962451333,19,17,,-0.0034620617415061514,-0.003569577451792426,,,,,,,-0.0028603387227372585,-0.10347561603874667,-0.8400510052011771,0.8354895598712465,0.7620056550407261,C3,6,Corteza entorrinal,AI,thickness,thickness,False,alta,dirigido_MPPP_vs_Vest,0.95990400959904,False,16
AI_6_volume,36,"Q('AI_6_volume') ~ C(Grupo, Treatment(reference='Vestibular')) + Edad + C(Genero) + N_Educacional",1.367283858448051,1,31,0.2511917532573129,0.3000771857342323,0.2515748425157484,0.042242774043926505,3.0177231490871488e-05,0.22564434853080667,0.3030827770924374,0.5626252808095245,0.29262325471724576,19,17,,0.023463608861640495,0.05373760678955899,,,,,,,-0.03148503206378897,-0.3960182136047207,-1.1224546662360764,0.44182519433312495,0.2511917532573129,C3,6,Corteza entorrinal,AI,volume,volume,False,alta,dirigido_MPPP_vs_Vest,0.7510677503678204,False,20
AI_7_LGI,35,"Q('AI_7_LGI') ~ C(Grupo, Treatment(reference='Vestibular')) + Edad + C(Genero) + N_Educacional",0.5165045083853188,1,30,0.47789727269581783,0.5445462548235533,0.48175182481751827,0.016925415171432687,1.739246094543259e-06,0.14838361589738125,0.6205480473200585,0.33038914157604793,0.9636250767183772,18,17,,-0.03160511021151746,-0.027461773363848592,,,,,,,-0.005163775026263106,-0.24624558777799643,-1.1182813693247386,0.5408404137900958,0.4778972726958183,C3,7,Precúneo,AI,LGI,LGI,False,alta,dirigido_MPPP_vs_Vest,0.9635036496350365,False,16
AI_7_area,36,"Q('AI_7_area') ~ C(Grupo, Treatment(reference='Vestibular')) + Edad + C(Genero) + N_Educacional",0.3074038865184168,1,31,0.5832558723899257,0.6463035991641897,0.5811418858114189,0.009818887814290824,5.82662856569907e-07,0.10146472475855185,0.31820301451811916,0.35886991460743,0.7002827700424525,19,17,,-0.03802650870175608,-0.049200170226822715,,,,,,,0.007707846249674388,0.18777617749828146,-0.6642577650828811,0.9829888747048611,0.5832558723899293,C3,7,Precúneo,AI,area,area,False,alta,dirigido_MPPP_vs_Vest,0.7849061247721382,False,16
AI_7_thickness,36,"Q('AI_7_thickness') ~ C(Grupo, Treatment(reference='Vestibular')) + Edad + C(Genero) + N_Educacional",0.07241528354637386,1,31,0.7896350566226189,0.8133628628940991,0.7856214378562144,0.0023305328177922356,7.235057402839147e-09,0.026206500611307863,0.4758645633414271,0.11972948886753315,0.053490390947146596,19,17,,-0.0060173405482367055,-0.0029142416096839307,,,,,,,-0.0014694281446036746,-0.09113830237931139,-0.8653842256309369,0.7451011374233567,0.7896350566226134,C3,7,Precúneo,AI,thickness,thickness,False,alta,dirigido_MPPP_vs_Vest,0.95990400959904,False,16
AI_7_volume,36,"Q('AI_7_volume') ~ C(Grupo, Treatment(reference='Vestibular')) + Edad + C(Genero) + N_Educacional",0.050637549642373415,1,31,0.8234343861737579,0.856068364204558,0.8271172882711729,0.001630805472558055,9.462607232271881e-08,0.014294042020403316,0.9620897789439782,0.24423701773125184,0.632153059297384,19,17,,-0.037220198522869105,-0.04119040842475542,,,,,,,0.0025545388867978906,0.07621178927908588,-0.8478341085005612,0.8657685295379761,0.8234343861737461,C3,7,Precúneo,AI,volume,volume,False,alta,dirigido_MPPP_vs_Vest,0.9190192091901921,False,20
AI_8_LGI,35,"Q('AI_8_LGI') ~ C(Grupo, Treatment(reference='Vestibular')) + Edad + C(Genero) + N_Educacional",0.06485633217876766,1,30,0.800716385014753,0.8081228736550046,0.8034196580341966,0.0021572141061373096,1.5308494182427347e-09,0.02042842268901755,0.6920614909359388,0.9259840782388317,0.8010203104734323,18,17,,-0.02865335285091588,-0.025169295398528847,,,,,,,-0.0018926578243051656,-0.08725846952991373,-0.8195380485614018,0.6515902940186569,0.8007163850147594,C3,8,Istmo del cíngulo,AI,LGI,LGI,False,alta,dirigido_MPPP_vs_Vest,0.9843282338432823,False,16
AI_8_area,36,"Q('AI_8_area') ~ C(Grupo, Treatment(reference='Vestibular')) + Edad + C(Genero) + N_Educacional",1.732902404593147,1,31,0.19769117714503212,0.1926817198397302,0.19608039196080393,0.05294068894880469,5.676261229396782e-05,0.26567168241440825,0.14936360387020636,0.6088126147391346,0.08233260475576103,19,17,,0.020430950352330408,0.046253827403101945,,,,,,,-0.02594034173254222,-0.44583367540467267,-1.1464418885565044,0.30343395614985397,0.1976911771450307,C3,8,Istmo del cíngulo,AI,area,area,False,alta,dirigido_MPPP_vs_Vest,0.7849061247721382,False,16
AI_8_thickness,36,"Q('AI_8_thickness') ~ C(Grupo, Treatment(reference='Vestibular')) + Edad + C(Genero) + N_Educacional",0.0002784433376243214,1,31,0.9867935556804566,0.9877119010080615,0.9874012598740126,8.981962472797163e-06,1.0173096849880998e-08,2.740031986933e-06,0.8368151279952135,0.9057018839935895,0.9845054478624384,19,17,,0.013902783934690532,0.013852112554508586,,,,,,,-0.0001609597323159427,-0.005651376384159544,-0.7374277644441659,0.7744998498613215,0.9867935556802968,C3,8,Istmo del cíngulo,AI,thickness,thickness,False,alta,dirigido_MPPP_vs_Vest,0.9874012598740126,False,16
AI_8_volume,36,"Q('AI_8_volume') ~ C(Grupo, Treatment(reference='Vestibular')) + Edad + C(Genero) + N_Educacional",1.1188579159032832,1,31,0.2983377887571931,0.30001330406814436,0.3040695930406959,0.034834922176647305,4.34852519375425e-05,0.25392664497724327,0.3030827770924374,0.7375681707582987,0.14000150631968938,19,17,,0.0250440328391953,0.048064997217007396,,,,,,,-0.02369965667765754,-0.3582393485143596,-1.1055225669630588,0.3966871185201512,0.298337788757194,C3,8,Istmo del cíngulo,AI,volume,volume,False,alta,dirigido_MPPP_vs_Vest,0.7510677503678204,False,20
AI_9_LGI,35,"Q('AI_9_LGI') ~ C(Grupo, Treatment(reference='Vestibular')) + Edad + C(Genero) + N_Educacional",5.982790806931005,1,30,0.02052681094477872,0.046246732118419634,0.0198980101989801,0.1662681151951838,0.00042825640749278367,0.44062079124893444,0.05149995680171509,0.402646931992113,0.7073199902412615,18,17,,-0.005464147727709001,0.004750363933131524,,,,,,,-0.011243184035375591,-0.8380758149723233,-1.6508743748212995,0.15655297753662648,0.020526810944778807,C3,9,Parietal superior,AI,LGI,LGI,False,media,dirigido_MPPP_vs_Vest,0.26717328267173285,False,16
AI_9_area,36,"Q('AI_9_area') ~ C(Grupo, Treatment(reference='Vestibular')) + Edad + C(Genero) + N_Educacional",0.25088560795802156,1,31,0.6199902301630291,0.7118652527747817,0.6244375562443756,0.008028111942342321,7.148694899495313e-10,0.06614849760436704,0.6458971906446955,2.6276922324879808e-05,0.23929642299855722,19,17,,-0.006267058733356541,0.006018143948484867,,,,,,,-0.011789787233401764,-0.1696382139818237,-1.1112694833919579,0.6879472852199158,0.6199902301630178,C3,9,Parietal superior,AI,area,area,False,media,dirigido_MPPP_vs_Vest,0.7849061247721382,False,16
AI_9_thickness,36,"Q('AI_9_thickness') ~ C(Grupo, Treatment(reference='Vestibular')) + Edad + C(Genero) + N_Educacional",0.1264004483413981,1,31,0.724601638555407,0.7379145922613422,0.7159284071592841,0.00406087586488445,4.4181758525728377e-07,0.04184383213686783,0.7633903885467929,0.27355820500679795,0.10665810542000292,19,17,,0.007482331694694531,0.00919916069063334,,,,,,,-0.001827475722697555,-0.12040932566823868,-0.8161319173818024,0.6069680449993713,0.7246016385554103,C3,9,Parietal superior,AI,thickness,thickness,False,media,dirigido_MPPP_vs_Vest,0.95990400959904,False,16
AI_9_volume,36,"Q('AI_9_volume') ~ C(Grupo, Treatment(reference='Vestibular')) + Edad + C(Genero) + N_Educacional",0.22575006158853697,1,31,0.6380238177157472,0.7233830128016681,0.6471352864713529,0.007229612135602051,1.6366096303798074e-08,0.06816393281651396,0.5366366481831104,7.55125984911418e-05,0.49687150355303633,19,17,,0.0014436751536584579,0.014010242485977287,,,,,,,-0.011453699357084754,-0.1609161953669959,-1.1427087766155892,0.6383777660876891,0.6380238177157467,C3,9,Parietal superior,AI,volume,volume,False,media,dirigido_MPPP_vs_Vest,0.8089191080891911,False,20
