variable,n,formula,F,df_num,df_den,p_param,p_hc3,p_perm,eta2p,eta2p_ic_low,eta2p_ic_high,p_kw,shapiro_p,levene_p,n_Vestibular,n_MPPP,n_Voluntario Sano,media_MPPP,media_Vestibular,media_Voluntario Sano,MPPP_vs_VoluntarioSano_dif,MPPP_vs_VoluntarioSano_d,MPPP_vs_VoluntarioSano_d_ic_low,MPPP_vs_VoluntarioSano_d_ic_high,MPPP_vs_VoluntarioSano_p,MPPP_vs_Vestibular_dif,MPPP_vs_Vestibular_d,MPPP_vs_Vestibular_d_ic_low,MPPP_vs_Vestibular_d_ic_high,MPPP_vs_Vestibular_p,etapa,roi,medida,hemi,familia_fdr,atlas,tipo,modelo,ajusta_etiv,p_fdr,sobrevive_fdr,n_familia
1_comp_thickness_lh,46,"Q('1_comp_thickness_lh') ~ C(Grupo, Treatment(reference='Voluntario Sano')) + Edad + C(Genero) + N_Educacional",0.24091351767674835,2,40,0.7870416713195526,0.8602006952488984,0.7884211578842116,0.01190230458058893,3.065451354954042e-05,0.048094404737066505,0.39144562744396444,0.6982972385922908,0.5609030154738276,19,17,10,2.767667612871746,2.7862645779361888,2.82376045695276,-0.03108201492769469,-0.26877905502055854,-1.3233387153745724,0.8006639743290552,0.5203385755107484,-0.01945206232400898,-0.16821003856444386,-0.8971859756512355,0.6170161301218652,0.6211581949280813,A1,Ínsula posterior,thickness,lh,thickness,DS,C,A_sin_ansiedad,False,0.9412058794120588,False,14
1_comp_thickness_rh,46,"Q('1_comp_thickness_rh') ~ C(Grupo, Treatment(reference='Voluntario Sano')) + Edad + C(Genero) + N_Educacional",0.21674915107053314,2,40,0.8060713122984688,0.8748474745799621,0.8112188781121887,0.010721266285240309,2.093822643585603e-05,0.040603461825100745,0.4485900056430725,0.510468815017575,0.46049910879834166,19,17,10,2.8528683128881704,2.8528447077426624,2.920003936466313,-0.026016532773738055,-0.22943900041041435,-1.2819007534545244,0.6484828921932926,0.5829203800808767,0.003421686997227391,0.030175752133798507,-0.6465189642087458,0.7190231647622688,0.9292485010037684,A1,Ínsula posterior,thickness,rh,thickness,DS,C,A_sin_ansiedad,False,0.9412058794120588,False,14
1_comp_area_lh,46,"Q('1_comp_area_lh') ~ C(Grupo, Treatment(reference='Voluntario Sano')) + Edad + C(Genero) + N_Educacional + eTIV",1.8201334403933946,2,39,0.17549773248848183,0.24790524465437186,0.1718828117188281,0.0853715782540529,0.0005267561922596078,0.24359318801373853,0.3283792509331445,0.8731217650209676,0.8898599853670242,19,17,10,1631.8823529411766,1688.8947368421052,1694.6,14.005667829729532,0.1564070839235402,-0.8038921893151855,0.9962682402058909,0.7101202877885026,-46.45448475790319,-0.5187764399731944,-1.1998647602542203,0.3342985506392119,0.13362262254707458,A1,Ínsula posterior,area,lh,area,DS,C,A_sin_ansiedad,True,0.6547345265473453,False,14
1_comp_area_rh,46,"Q('1_comp_area_rh') ~ C(Grupo, Treatment(reference='Voluntario Sano')) + Edad + C(Genero) + N_Educacional + eTIV",1.145334920962223,2,39,0.3285846224304057,0.43755322364944194,0.32566743325667435,0.05547669366212646,0.00018806208757808247,0.18854439896921626,0.6622546296616458,0.6280848839626413,0.7512331514036625,19,17,10,1362.235294117647,1391.157894736842,1376.7,31.83593040366401,0.32861478033373775,-0.56505179343488,1.2733484207645005,0.43623282805046215,-27.340353887785653,-0.28221083138337655,-0.9053286166642858,0.5469823384181931,0.40972985971714854,A1,Ínsula posterior,area,rh,area,DS,C,A_sin_ansiedad,True,0.6547345265473453,False,14
1_comp_volume_lh,46,"Q('1_comp_volume_lh') ~ C(Grupo, Treatment(reference='Voluntario Sano')) + Edad + C(Genero) + N_Educacional + eTIV",1.0166224777767505,2,39,0.37120217473622635,0.34317811901468065,0.3628637136286371,0.0495511616923272,9.679914472923544e-05,0.15115040044021053,0.1752198542503574,0.633243182435467,0.5092383243319121,19,17,10,3833.0,3992.7894736842104,4136.6,-92.12230186651254,-0.3378388994903722,-1.3753995340540368,0.6450464937965777,0.42356787878058844,-129.95221864851936,-0.4765720530753172,-1.1084347159941155,0.2530120153210798,0.1672697090434721,A1,Ínsula posterior,volume,lh,volume,DS,C,A_sin_ansiedad,True,0.7257274272572742,False,16
1_comp_volume_rh,46,"Q('1_comp_volume_rh') ~ C(Grupo, Treatment(reference='Voluntario Sano')) + Edad + C(Genero) + N_Educacional + eTIV",0.4241887970797425,2,39,0.6572828166067898,0.7237436177889651,0.652934706529347,0.02129014141553985,2.986521707573145e-05,0.08549706029078305,0.5913486645408683,0.21904562566167246,0.6138295440084748,19,17,10,3361.1176470588234,3434.0,3502.8,35.988973651649076,0.1312897716318034,-0.861585039910644,1.0619315293690847,0.7549745565956714,-60.221088310455656,-0.21968986968696458,-0.8486689440654183,0.5332409887222974,0.5203218638378357,A1,Ínsula posterior,volume,rh,volume,DS,C,A_sin_ansiedad,True,0.8953771289537713,False,16
1_comp_LGI_lh,45,"Q('1_comp_LGI_lh') ~ C(Grupo, Treatment(reference='Voluntario Sano')) + Edad + C(Genero) + N_Educacional",3.632272841997463,2,39,0.03576168327434965,0.04824683026945321,0.0370962903709629,0.15702187445251564,0.003629572258077245,0.3492036857024765,0.1970569364290941,0.4710969275265933,0.9952934606353809,18,17,10,3.9732834993392627,4.143108244307357,4.08040548726716,-0.03569748257958377,-0.17511695767491797,-1.0578388540943067,0.8140834673664641,0.6749712818952978,-0.18070598167374816,-0.8864681612720947,-1.5770661818497227,-0.00026552958401088525,0.013293758471876306,A1,Ínsula posterior,LGI,lh,LGI,DS,C,A_sin_ansiedad,False,0.1411858814118588,False,14
1_comp_LGI_rh,45,"Q('1_comp_LGI_rh') ~ C(Grupo, Treatment(reference='Voluntario Sano')) + Edad + C(Genero) + N_Educacional",4.555353420759877,2,39,0.016674236379718724,0.027654975632532563,0.0187981201879812,0.18936963182709202,0.015688732233642182,0.36197111307622887,0.15138509528742308,0.15778977930274712,0.37798637574709054,18,17,10,4.023037840423349,4.221812744518153,4.174484729342043,-0.05251635518931075,-0.26526286080875605,-1.1955949337710565,0.7738100780493956,0.5259072280885541,-0.19934757197969463,-1.0069150276707775,-1.5960333042946728,-0.20113094843943355,0.00540018593254619,A1,Ínsula posterior,LGI,rh,LGI,DS,C,A_sin_ansiedad,False,0.1411858814118588,False,14
2_supramarginal_thickness_lh,46,"Q('2_supramarginal_thickness_lh') ~ C(Grupo, Treatment(reference='Voluntario Sano')) + Edad + C(Genero) + N_Educacional",0.13604062501324857,2,40,0.873209271806982,0.9048301339103342,0.8696130386961304,0.006756076209155893,6.671373273167937e-06,0.02310191018005687,0.8438572752392033,0.9528886420270721,0.5120701577146728,19,17,10,2.6505294117647056,2.6411052631578946,2.6463,0.022195519211251957,0.20696167744761682,-0.7826346361163342,1.0887415535718827,0.6202446177535559,0.012581899328206969,0.11731967004956034,-0.6268280759401254,0.8887080576529665,0.7301214088788135,A1,Giro supramarginal,thickness,lh,thickness,DKT,C,A_sin_ansiedad,False,0.9412058794120588,False,14
2_supramarginal_thickness_rh,46,"Q('2_supramarginal_thickness_rh') ~ C(Grupo, Treatment(reference='Voluntario Sano')) + Edad + C(Genero) + N_Educacional",0.06929429829787927,2,40,0.9331637985842628,0.9415810923073484,0.9374062593740626,0.003452752113150101,4.4997178624295276e-05,0.006531069921930423,0.810007598614445,0.8749870743247825,0.6611107477539216,19,17,10,2.6468823529411765,2.6676315789473684,2.6805,-0.008035684657705211,-0.07827348563941004,-1.0686351253086421,0.824094831971313,0.8511509541747156,-0.012847323856786552,-0.1251423944871684,-0.8305969561901418,0.6310796462787068,0.7129271212450319,A1,Giro supramarginal,thickness,rh,thickness,DKT,C,A_sin_ansiedad,False,0.9412058794120588,False,14
2_supramarginal_area_lh,46,"Q('2_supramarginal_area_lh') ~ C(Grupo, Treatment(reference='Voluntario Sano')) + Edad + C(Genero) + N_Educacional + eTIV",0.3804356454359745,2,39,0.6860723715925124,0.7048419668154678,0.6836316368363163,0.01913618253749447,5.1388500876729724e-05,0.07122223477555192,0.7191179019792436,0.6847061979539988,0.0573098224602038,19,17,10,3644.0,3834.157894736842,3913.1,3.435229765292661,0.007184807493925582,-1.0082813315255212,1.2432063227190748,0.986365103102166,-126.5026894086788,-0.26458127489698885,-0.8824929563015219,0.4135612700412093,0.4393560059949416,A1,Giro supramarginal,area,lh,area,DKT,C,A_sin_ansiedad,True,0.9570842915708428,False,14
2_supramarginal_area_rh,46,"Q('2_supramarginal_area_rh') ~ C(Grupo, Treatment(reference='Voluntario Sano')) + Edad + C(Genero) + N_Educacional + eTIV",1.5115175863058505,2,39,0.233214318385684,0.2570762178600379,0.23007699230076992,0.07193757329032599,0.00013470413084811888,0.19962781837190982,0.5155221651035584,0.7228189394153182,0.4480029489069749,19,17,10,3363.9411764705883,3605.3684210526317,3505.0,55.24263202716634,0.14357511417055496,-0.7580351432520849,1.277470932082271,0.732916930301713,-181.70095540474534,-0.47223918303360746,-1.0664915516971685,0.30097532226704177,0.17106950919192832,A1,Giro supramarginal,area,rh,area,DKT,C,A_sin_ansiedad,True,0.6547345265473453,False,14
2_supramarginal_volume_lh,46,"Q('2_supramarginal_volume_lh') ~ C(Grupo, Treatment(reference='Voluntario Sano')) + Edad + C(Genero) + N_Educacional + eTIV",0.5528601172114085,2,39,0.5797444469095282,0.7047093160085739,0.5738426157384262,0.027570137824722948,6.732833251446032e-05,0.10721174098956587,0.6873133427912319,0.4486990558308506,0.103106734191028,19,17,10,10072.64705882353,10534.052631578947,10622.9,286.94316888084995,0.22166467889374114,-0.7196379649254034,1.3792830420336788,0.5986781903737703,-260.55381532426077,-0.20127880386089195,-0.8215154813875141,0.5176449451256637,0.5557083064847806,A1,Giro supramarginal,volume,lh,volume,DKT,C,A_sin_ansiedad,True,0.8953771289537713,False,16
2_supramarginal_volume_rh,46,"Q('2_supramarginal_volume_rh') ~ C(Grupo, Treatment(reference='Voluntario Sano')) + Edad + C(Genero) + N_Educacional + eTIV",1.6028362803402456,2,39,0.21430324343779933,0.2854031473115729,0.21357864213578642,0.0759535950072017,0.0003066462769139699,0.21748797185108093,0.37273929543357043,0.3656369826526539,0.3092623576237298,19,17,10,9266.235294117647,10013.736842105263,9699.4,208.25167021203515,0.17162493444316185,-0.866650650233435,1.1781733868436763,0.6834317352456039,-575.4656626249246,-0.474254331414172,-1.0865889058601637,0.38137847683483084,0.16929400968549396,A1,Giro supramarginal,volume,rh,volume,DKT,C,A_sin_ansiedad,True,0.6820651268206513,False,16
2_supramarginal_LGI_lh,45,"Q('2_supramarginal_LGI_lh') ~ C(Grupo, Treatment(reference='Voluntario Sano')) + Edad + C(Genero) + N_Educacional",2.8305706104409736,2,39,0.07114238460907213,0.05713287519672143,0.0705929407059294,0.1267576480610621,0.0024706403536655943,0.2780138164478548,0.15955218358737364,0.1449116261041044,0.20583364872886126,18,17,10,3.282705882352941,3.397444444444444,3.3521,-0.06389095365066086,-0.45701461739856875,-1.399107259623772,0.5790389399246714,0.2769328662436351,-0.1135324297722482,-0.8121021363743128,-1.4235461683636306,-0.06733901934849541,0.022487879178278655,A1,Giro supramarginal,LGI,lh,LGI,DKT,C,A_sin_ansiedad,False,0.1411858814118588,False,14
2_supramarginal_LGI_rh,45,"Q('2_supramarginal_LGI_rh') ~ C(Grupo, Treatment(reference='Voluntario Sano')) + Edad + C(Genero) + N_Educacional",2.8344488161900805,2,39,0.07090188120793149,0.0932887698875305,0.0704929507049295,0.12690927989838768,0.0028766610892954677,0.2930301601168849,0.2465043901423854,0.2899524626246213,0.5040972911886266,18,17,10,3.2535882352941177,3.3644444444444446,3.3177,-0.036575821404169734,-0.2980964707111735,-1.1038632465032252,0.5724439223577338,0.47628644145476096,-0.09904816036231148,-0.8072520561649882,-1.5049414906775178,0.056756029457509044,0.023252017267341607,A1,Giro supramarginal,LGI,rh,LGI,DKT,C,A_sin_ansiedad,False,0.1411858814118588,False,14
3_superiortemporal_thickness_lh,46,"Q('3_superiortemporal_thickness_lh') ~ C(Grupo, Treatment(reference='Voluntario Sano')) + Edad + C(Genero) + N_Educacional",0.8055621573183435,2,40,0.4539529247498922,0.37685994894429103,0.45055494450554945,0.03871859607672208,0.0002647807444719078,0.12606131898803272,0.3822557034282786,0.15774102126483602,0.5090447314605687,19,17,10,2.864235294117647,2.878842105263158,2.9491,-0.06690675693612147,-0.5146335661698171,-1.3679349536106093,0.2998272846615289,0.22155180899629195,-0.01255221403788831,-0.09654915242436155,-0.8972848647166035,0.7257272151892754,0.7764412567896156,A1,Temporal superior,thickness,lh,thickness,DKT,C,A_sin_ansiedad,False,0.9412058794120588,False,14
3_superiortemporal_thickness_rh,46,"Q('3_superiortemporal_thickness_rh') ~ C(Grupo, Treatment(reference='Voluntario Sano')) + Edad + C(Genero) + N_Educacional",0.3208257791080753,2,40,0.7273992763140235,0.7751183978551632,0.7219278072192781,0.015788028626175104,1.6727254477227957e-05,0.06115008719108291,0.5168258434130982,0.1253114505353139,0.7122924826896709,19,17,10,2.9121176470588237,2.9322105263157896,2.9908,-0.04260126631241157,-0.3318714591304266,-1.2057871777426892,0.682244572450293,0.42798845241840544,-0.013870481284636083,-0.10805352190745413,-0.8725994099782609,0.6293811757833544,0.7506713427363757,A1,Temporal superior,thickness,rh,thickness,DKT,C,A_sin_ansiedad,False,0.9412058794120588,False,14
3_superiortemporal_area_lh,46,"Q('3_superiortemporal_area_lh') ~ C(Grupo, Treatment(reference='Voluntario Sano')) + Edad + C(Genero) + N_Educacional + eTIV",1.1474765570299001,2,39,0.32792065938687365,0.3021414486245488,0.32736726327367266,0.05557466326989076,0.0005397551553962603,0.1610322242439488,0.1903521095867083,0.0074544222746258755,0.3774742328428968,19,17,10,5157.235294117647,5271.421052631579,5659.7,-219.3067843852732,-0.6327649908040686,-1.3892116903831169,0.14399781022543062,0.13789586473827445,-78.15144846987573,-0.2254900627492229,-0.8574213813509536,0.5144626472531321,0.5094286981842425,A1,Temporal superior,area,lh,area,DKT,C,A_sin_ansiedad,True,0.6547345265473453,False,14
3_superiortemporal_area_rh,46,"Q('3_superiortemporal_area_rh') ~ C(Grupo, Treatment(reference='Voluntario Sano')) + Edad + C(Genero) + N_Educacional + eTIV",1.2464243957489234,2,39,0.29873175891183235,0.3026068604512703,0.3056694330566943,0.060078998287739833,0.00022678838545219895,0.1884788863869425,0.36026550179410677,0.7914663159352144,0.5762332518352723,19,17,10,4761.470588235294,4983.9473684210525,5052.0,-49.41521251084578,-0.1373687068524717,-0.8822800483480542,0.7240476935838132,0.7440328990498738,-187.2189940115855,-0.5204476475730522,-1.1152413915531203,0.20371182345814728,0.1324111202629128,A1,Temporal superior,area,rh,area,DKT,C,A_sin_ansiedad,True,0.6547345265473453,False,14
3_superiortemporal_volume_lh,46,"Q('3_superiortemporal_volume_lh') ~ C(Grupo, Treatment(reference='Voluntario Sano')) + Edad + C(Genero) + N_Educacional + eTIV",1.9444333942895857,2,39,0.15668978832549138,0.23005825905602598,0.1643835616438356,0.09067310656048234,0.0028181062816230143,0.23343964047951163,0.12156285801550594,0.03922850551004077,0.28202034187881214,19,17,10,16073.117647058823,16440.157894736843,18178.2,-1078.7590364162952,-0.808474176060652,-1.5653802010364581,0.05516969485319243,0.060217084158947186,-218.80708959576077,-0.16398461148917406,-0.7520865511032512,0.5550342156177775,0.6309324840681041,A1,Temporal superior,volume,lh,volume,DKT,C,A_sin_ansiedad,True,0.6575342465753424,False,16
3_superiortemporal_volume_rh,46,"Q('3_superiortemporal_volume_rh') ~ C(Grupo, Treatment(reference='Voluntario Sano')) + Edad + C(Genero) + N_Educacional + eTIV",1.4032966299640628,2,39,0.2579209640602528,0.19385198532449208,0.25577442255774424,0.06713279033473082,0.0004382464347831808,0.17356692514012906,0.27274365107700815,0.6978212562847161,0.42398748594775215,19,17,10,15043.0,16008.473684210527,16493.5,-504.37825746348517,-0.349056217905411,-1.1022901844575277,0.6169559394125717,0.4084710488833496,-817.1011078894462,-0.565476838356498,-1.144800900798399,0.13806593401356437,0.10296982337276467,A1,Temporal superior,volume,rh,volume,DKT,C,A_sin_ansiedad,True,0.6820651268206513,False,16
3_superiortemporal_LGI_lh,45,"Q('3_superiortemporal_LGI_lh') ~ C(Grupo, Treatment(reference='Voluntario Sano')) + Edad + C(Genero) + N_Educacional",3.508535820112167,2,39,0.039704502666854616,0.0422819921677759,0.044495550444955505,0.15248844374726764,0.006953560381854042,0.33512587490421447,0.08420058029481323,0.3527538533477619,0.7266187696629938,18,17,10,3.4610000000000003,3.5862777777777777,3.5616999999999996,-0.04646337629804387,-0.3213935309662572,-1.2488445609901588,0.7908783819956193,0.4427560213312902,-0.1296742794508001,-0.8969747329780771,-1.608219882386647,-0.12336950865951833,0.012318099666597523,A1,Temporal superior,LGI,lh,LGI,DKT,C,A_sin_ansiedad,False,0.1411858814118588,False,14
3_superiortemporal_LGI_rh,45,"Q('3_superiortemporal_LGI_rh') ~ C(Grupo, Treatment(reference='Voluntario Sano')) + Edad + C(Genero) + N_Educacional",3.656006154549607,2,39,0.03505368044497408,0.026347447551827025,0.0362963703629637,0.15788586901162524,0.010451502612847507,0.31768160599536177,0.11138043678556762,0.8516681560138014,0.2262002462543522,18,17,10,3.417470588235294,3.5597222222222222,3.5139000000000005,-0.03914222544107948,-0.24739590936035108,-1.348889470477867,0.7935768305379842,0.5540215082619209,-0.1429983262081151,-0.9038116905876445,-1.517555618864564,-0.2140536605682464,0.011719054571181562,A1,Temporal superior,LGI,rh,LGI,DKT,C,A_sin_ansiedad,False,0.1411858814118588,False,14
4_Hippocampus_volume_lh,46,"Q('4_Hippocampus_volume_lh') ~ C(Grupo, Treatment(reference='Voluntario Sano')) + Edad + C(Genero) + N_Educacional + eTIV",2.1288582893540307,2,39,0.1325927614482903,0.18710457310688253,0.12838716128387162,0.09842675285370375,0.002691233562638903,0.2848317463036331,0.13087003867599276,0.282195408840358,0.24540271710832554,19,17,10,4022.329411764706,4254.652631578947,4483.51,-276.58544289826796,-0.7550783072799729,-1.6371098445407697,0.12960449655112224,0.07839178452402407,-207.3704474841249,-0.5661213577454842,-1.2577554254908319,0.2314507532133622,0.10259120764518379,A1,Hipocampo,volume,lh,volume,aseg,S,A_sin_ansiedad,True,0.6575342465753424,False,16
4_Hippocampus_volume_rh,46,"Q('4_Hippocampus_volume_rh') ~ C(Grupo, Treatment(reference='Voluntario Sano')) + Edad + C(Genero) + N_Educacional + eTIV",0.18048557085993608,2,39,0.8355580685644732,0.8576990226917479,0.8394160583941606,0.009170788505705034,2.8475929476907368e-05,0.03310024183019524,0.4883684956985055,0.8510861829769609,0.7062235497595633,19,17,10,4231.641176470588,4322.452631578947,4504.5199999999995,-48.30040961922555,-0.1260102769328321,-1.0115713094451309,0.8023803064455493,0.764518989672586,-77.70849760413859,-0.20273263478151077,-0.9322709190936214,0.5706922212770753,0.5528701826241355,A1,Hipocampo,volume,rh,volume,aseg,S,A_sin_ansiedad,True,0.8953771289537713,False,16
5_parahippocampal_thickness_lh,46,"Q('5_parahippocampal_thickness_lh') ~ C(Grupo, Treatment(reference='Voluntario Sano')) + Edad + C(Genero) + N_Educacional",1.2514855029050744,2,40,0.29703939441614124,0.3040729354834913,0.29617038296170384,0.05888931871299052,0.0002460091326561641,0.1753185780779354,0.23860058978495063,0.6724977212997089,0.27699765940865595,19,17,10,2.6882941176470587,2.793,2.7565,-0.0758254316678797,-0.3769682262199169,-1.2802812604880405,0.6474791400557636,0.3684830787838147,-0.10579813824090106,-0.5259783641553156,-1.1778558403624284,0.23135877731809393,0.12724372611592386,A1,Corteza parahipocampal,thickness,lh,thickness,DKT,C,A_sin_ansiedad,False,0.9412058794120588,False,14
5_parahippocampal_thickness_rh,46,"Q('5_parahippocampal_thickness_rh') ~ C(Grupo, Treatment(reference='Voluntario Sano')) + Edad + C(Genero) + N_Educacional",0.6292546035666794,2,40,0.5381820333755298,0.488376383590715,0.5441455854414559,0.030503021832785217,7.286029124191152e-05,0.10693943260996279,0.5538684234457799,0.5727498538190655,0.15869256519069871,19,17,10,2.6282352941176472,2.6924736842105266,2.6774999999999998,-0.051665589706769044,-0.3041469586131097,-1.2352234464674252,0.6951707291048556,0.46729870779468297,-0.06189964358846051,-0.36439317626135886,-0.9540508466288738,0.3452376842048695,0.2870598416453193,A1,Corteza parahipocampal,thickness,rh,thickness,DKT,C,A_sin_ansiedad,False,0.9412058794120588,False,14
5_parahippocampal_area_lh,46,"Q('5_parahippocampal_area_lh') ~ C(Grupo, Treatment(reference='Voluntario Sano')) + Edad + C(Genero) + N_Educacional + eTIV",0.019247920945958806,2,39,0.9809454498475654,0.98532345690515,0.9806019398060194,0.0009860995169441956,2.3316626391439215e-05,0.001014000819868434,0.7468075642411709,0.05895643202513829,0.299347088920177,19,17,10,703.9411764705883,718.578947368421,732.5,1.9704074743180797,0.030976458239320326,-0.8622998487619925,0.7648995008675402,0.941266971958643,-2.8564199178771545,-0.044905317023681265,-0.7350180638171484,0.68826885117592,0.8951913200608954,A1,Corteza parahipocampal,area,lh,area,DKT,C,A_sin_ansiedad,True,0.9806019398060194,False,14
5_parahippocampal_area_rh,46,"Q('5_parahippocampal_area_rh') ~ C(Grupo, Treatment(reference='Voluntario Sano')) + Edad + C(Genero) + N_Educacional + eTIV",0.39435623693475697,2,39,0.6767714975147221,0.6662051561262818,0.6791320867913209,0.019822518117103838,2.6684164200487057e-05,0.08825231037673018,0.7295362807694117,0.6237578502197888,0.38608347948544725,19,17,10,672.9411764705883,669.2631578947369,684.8,19.567385011362262,0.35158213279275463,-0.38501620510856444,1.2399545540632024,0.40511799760682876,11.603983559209404,0.2084976243003292,-0.5391683584893643,0.9789226697814528,0.541689146024627,A1,Corteza parahipocampal,area,rh,area,DKT,C,A_sin_ansiedad,True,0.9570842915708428,False,14
5_parahippocampal_volume_lh,46,"Q('5_parahippocampal_volume_lh') ~ C(Grupo, Treatment(reference='Voluntario Sano')) + Edad + C(Genero) + N_Educacional + eTIV",1.0354830035791962,2,39,0.3646103062656049,0.3240095979793322,0.35866413358664134,0.050424088072275615,0.00012826994745743656,0.14858171763448058,0.16811708094232672,0.3960865341579324,0.5345305016086577,19,17,10,2100.0588235294117,2252.1052631578946,2260.3,-79.83517538038234,-0.31353835275072145,-1.2046287636669015,0.5401539858457464,0.45741450924278293,-123.37492011592738,-0.48453290218994277,-1.0509348860535674,0.27085145883869816,0.16046036235546746,A1,Corteza parahipocampal,volume,lh,volume,DKT,C,A_sin_ansiedad,True,0.7257274272572742,False,16
5_parahippocampal_volume_rh,46,"Q('5_parahippocampal_volume_rh') ~ C(Grupo, Treatment(reference='Voluntario Sano')) + Edad + C(Genero) + N_Educacional + eTIV",0.22357940266305346,2,39,0.8006692173753469,0.8036339143195463,0.8046195380461953,0.011335640357087822,4.315290046749829e-05,0.04072105218403491,0.7918982278341219,0.05684256390843218,0.5134841833902829,19,17,10,1933.6470588235295,1971.578947368421,1978.9,18.043799877815218,0.10815721890694496,-0.7464364446325761,0.9810965566322158,0.7970622884937043,-25.252533920436264,-0.15136744242800718,-0.9046705766934554,0.6788875543491449,0.6573686347528217,A1,Corteza parahipocampal,volume,rh,volume,DKT,C,A_sin_ansiedad,True,0.8953771289537713,False,16
5_parahippocampal_LGI_lh,45,"Q('5_parahippocampal_LGI_lh') ~ C(Grupo, Treatment(reference='Voluntario Sano')) + Edad + C(Genero) + N_Educacional",2.88284215093027,2,39,0.06797166340023167,0.08339122167361579,0.06469353064693531,0.12879696561727547,0.0018681726323173744,0.3115092840277111,0.10565597885839702,0.4298434816314987,0.282897944943582,18,17,10,2.6155882352941178,2.6970555555555555,2.6574999999999998,-0.013229655151498876,-0.12812087324933452,-1.1461080095904743,0.8437731002095753,0.7588733606874318,-0.08086392192646813,-0.7831161260776561,-1.4697150119951543,0.0708358470875576,0.027413714727685282,A1,Corteza parahipocampal,LGI,lh,LGI,DKT,C,A_sin_ansiedad,False,0.1411858814118588,False,14
5_parahippocampal_LGI_rh,45,"Q('5_parahippocampal_LGI_rh') ~ C(Grupo, Treatment(reference='Voluntario Sano')) + Edad + C(Genero) + N_Educacional",1.8258961483318887,2,39,0.17457528796630753,0.28655279590858984,0.17578242175782421,0.08561873018755699,0.0009474738978336608,0.2591171345907967,0.5937758222313531,0.7674848983415559,0.9751329122594444,18,17,10,2.6827647058823527,2.733888888888889,2.6797,0.03995544120896086,0.31485689881067624,-0.663409608779604,1.2301649168107613,0.4520198577918198,-0.05523832877207034,-0.4352891212413406,-1.1391353624284066,0.3020936781490587,0.2102877210140986,A1,Corteza parahipocampal,LGI,rh,LGI,DKT,C,A_sin_ansiedad,False,0.24408468244084683,False,14
6_entorhinal_thickness_lh,46,"Q('6_entorhinal_thickness_lh') ~ C(Grupo, Treatment(reference='Voluntario Sano')) + Edad + C(Genero) + N_Educacional",0.09435791442942128,2,40,0.9101589479464236,0.9112145270244348,0.9131086891310869,0.004695741701787069,5.534693230245813e-06,0.013454045651507783,0.8174265060200572,0.5277267163995273,0.13437364878236946,19,17,10,2.799,2.805,2.8431,-0.006564886076182219,-0.041281549538185455,-0.8888024648666247,0.8101398350159545,0.9211519121203564,-0.022844944161519165,-0.14365438838647374,-0.8375925826343328,0.5377194572026471,0.6728499851609837,A1,Corteza entorrinal,thickness,lh,thickness,DKT,C,A_sin_ansiedad,False,0.9412058794120588,False,14
6_entorhinal_thickness_rh,46,"Q('6_entorhinal_thickness_rh') ~ C(Grupo, Treatment(reference='Voluntario Sano')) + Edad + C(Genero) + N_Educacional",0.2735411566673246,2,40,0.7620924380570919,0.7750534954658665,0.7678232176782321,0.013492519858937697,1.009703112441948e-05,0.0483730103271476,0.5572698911428617,0.5731786021740387,0.6228947044255438,19,17,10,2.818588235294118,2.8252105263157894,2.8920000000000003,-0.05158783636953146,-0.2990106031311389,-1.1762292704447097,0.513526204025828,0.47480347376419074,-0.009142997963527688,-0.052994146060288023,-0.8785566871853708,0.6172629446008213,0.8760992380529773,A1,Corteza entorrinal,thickness,rh,thickness,DKT,C,A_sin_ansiedad,False,0.9412058794120588,False,14
6_entorhinal_area_lh,46,"Q('6_entorhinal_area_lh') ~ C(Grupo, Treatment(reference='Voluntario Sano')) + Edad + C(Genero) + N_Educacional + eTIV",0.47089185578360676,2,39,0.6279491152471839,0.6649255063554727,0.6251374862513749,0.02357890970438737,5.92967414287967e-05,0.09014849384820423,0.2603674190214932,0.8767135452588333,0.7400307937303959,19,17,10,413.7647058823529,435.2105263157895,462.2,-20.951076669122017,-0.3377900721258254,-1.2453512363498862,0.5660019090967927,0.4236343264220875,-17.443310359712633,-0.28123504856456655,-0.9504216810260544,0.5144490298441343,0.4113367182987646,A1,Corteza entorrinal,area,lh,area,DKT,C,A_sin_ansiedad,True,0.9570842915708428,False,14
6_entorhinal_area_rh,46,"Q('6_entorhinal_area_rh') ~ C(Grupo, Treatment(reference='Voluntario Sano')) + Edad + C(Genero) + N_Educacional + eTIV",0.050501236381864475,2,39,0.9508148218087537,0.9374939684609835,0.9515048495150485,0.0025831172189020838,1.7550750891046583e-05,0.004282179969598031,0.5464391609284971,0.8350600249714311,0.06853166447888048,19,17,10,391.3529411764706,384.2631578947368,413.8,2.7557750016253806,0.042773679163263766,-0.8802771476312348,1.0416204288902848,0.9189678166321361,6.8897496923029,0.10693904352856921,-0.5381387111558154,0.7649880768017207,0.7538541851303525,A1,Corteza entorrinal,area,rh,area,DKT,C,A_sin_ansiedad,True,0.9806019398060194,False,14
6_entorhinal_volume_lh,46,"Q('6_entorhinal_volume_lh') ~ C(Grupo, Treatment(reference='Voluntario Sano')) + Edad + C(Genero) + N_Educacional + eTIV",0.189375917963466,2,39,0.828231761659946,0.834923227762771,0.8233176682331766,0.009618177780367847,8.300740434758006e-06,0.0321666246024606,0.3028032870818052,0.6779802009098252,0.7582461097159378,19,17,10,1397.9411764705883,1442.5263157894738,1563.4,-42.28688269064594,-0.19347922028138814,-1.060415503745472,0.7333004762264557,0.6458197959185096,-41.76060005333696,-0.1910712689774558,-0.857564624575429,0.5468746847302453,0.5758407642239556,A1,Corteza entorrinal,volume,lh,volume,DKT,C,A_sin_ansiedad,True,0.8953771289537713,False,16
6_entorhinal_volume_rh,46,"Q('6_entorhinal_volume_rh') ~ C(Grupo, Treatment(reference='Voluntario Sano')) + Edad + C(Genero) + N_Educacional + eTIV",0.08474403043237573,2,39,0.9189161328997718,0.9089426975987636,0.9193080691930807,0.004327043044356032,9.932725146522904e-06,0.010585186838519856,0.39461450029897327,0.3439614836304986,0.14735558856503098,19,17,10,1322.5882352941176,1296.0526315789473,1411.6,16.222716971126033,0.08395870798473916,-0.9588177600381638,1.0536220730974335,0.8417532828738457,26.87504824599185,0.13908855907287568,-0.5376960128000084,0.7738950900603828,0.6835311948260666,A1,Corteza entorrinal,volume,rh,volume,DKT,C,A_sin_ansiedad,True,0.9193080691930807,False,16
6_entorhinal_LGI_lh,45,"Q('6_entorhinal_LGI_lh') ~ C(Grupo, Treatment(reference='Voluntario Sano')) + Edad + C(Genero) + N_Educacional",2.1448627005539844,2,39,0.13069399488023953,0.20900319652216945,0.13308669133086692,0.09909338443154404,0.0006775206454427688,0.2668857856181238,0.39977050278081205,0.6916245648449643,0.9204226717582847,18,17,10,2.409235294117647,2.443722222222222,2.3985,0.03715257811669964,0.4008650939599434,-0.4716703818943538,1.2748920457007664,0.33941112127137707,-0.03983156158820128,-0.4297705162874973,-1.1125677721540776,0.4603414621982799,0.21601107756207466,A1,Corteza entorrinal,LGI,lh,LGI,DKT,C,A_sin_ansiedad,False,0.23290170982901712,False,14
6_entorhinal_LGI_rh,45,"Q('6_entorhinal_LGI_rh') ~ C(Grupo, Treatment(reference='Voluntario Sano')) + Edad + C(Genero) + N_Educacional",1.7112612934961051,2,39,0.19392253976583965,0.22362481291866956,0.18838116188381163,0.08067701726067653,0.0003760245590278974,0.2365967751067298,0.3619971269538499,0.7622665512542219,0.40944810492526834,18,17,10,2.472235294117647,2.5171111111111113,2.4707,0.03184631533238513,0.30895230880353325,-0.5329234970720621,1.0402101805730004,0.46048499186079533,-0.043150653696792246,-0.4186196722246428,-1.2018971967099588,0.4331936918925028,0.22792974558107626,A1,Corteza entorrinal,LGI,rh,LGI,DKT,C,A_sin_ansiedad,False,0.24408468244084683,False,14
7_precuneus_thickness_lh,46,"Q('7_precuneus_thickness_lh') ~ C(Grupo, Treatment(reference='Voluntario Sano')) + Edad + C(Genero) + N_Educacional",0.06199448954064026,2,40,0.9399781913153624,0.9346893725961014,0.9412058794120588,0.0030901458762218888,8.087636118739747e-06,0.006809057805774062,0.9616640810361401,0.9507386134795336,0.5261641516077487,19,17,10,2.4691176470588236,2.468736842105263,2.4922,-0.00745337404758728,-0.06929772964357306,-0.9347431472937036,0.7560294298333288,0.8680468399837571,0.007640038255039977,0.07103323972257898,-0.7145180408769978,0.8410832361142508,0.834476408120043,A1,Precúneo,thickness,lh,thickness,DKT,C,A_sin_ansiedad,False,0.9412058794120588,False,14
7_precuneus_thickness_rh,46,"Q('7_precuneus_thickness_rh') ~ C(Grupo, Treatment(reference='Voluntario Sano')) + Edad + C(Genero) + N_Educacional",0.16828827734634783,2,40,0.8457054054073196,0.8395753728491784,0.8447155284471553,0.008344202295807844,9.38942549204489e-07,0.024863099639493583,0.7982956054572031,0.27582915734590807,0.9715067347524575,19,17,10,2.498117647058823,2.483263157894737,2.5271,-0.013836198005997558,-0.12218538326597955,-1.0824739688256888,0.7470993494611814,0.7696525290544012,0.012562475814254487,0.11093733419172883,-0.6050283805411125,0.782531268423825,0.7442552718921147,A1,Precúneo,thickness,rh,thickness,DKT,C,A_sin_ansiedad,False,0.9412058794120588,False,14
7_precuneus_area_lh,46,"Q('7_precuneus_area_lh') ~ C(Grupo, Treatment(reference='Voluntario Sano')) + Edad + C(Genero) + N_Educacional + eTIV",0.27948696856608884,2,39,0.7576732866415825,0.798563591501859,0.7562243775622438,0.014130142455679182,3.326092352437808e-05,0.05429574584585295,0.656751082949369,0.35400248325079214,0.7014093377598549,19,17,10,3780.4117647058824,3775.9473684210525,3895.5,109.64938411258072,0.3031846847064066,-0.5279518989504584,1.1803306369434703,0.4723022387797843,57.829163971839506,0.15989982057387217,-0.5752812226209616,0.8768211093273806,0.6394397660710656,A1,Precúneo,area,lh,area,DKT,C,A_sin_ansiedad,True,0.9624673896246739,False,14
7_precuneus_area_rh,46,"Q('7_precuneus_area_rh') ~ C(Grupo, Treatment(reference='Voluntario Sano')) + Edad + C(Genero) + N_Educacional + eTIV",0.18303288653925262,2,39,0.8334519530645947,0.8692949182031378,0.8286171382861713,0.00929901847923164,5.575279541910043e-05,0.03624046518027654,0.6716971810805822,0.2841859126463598,0.9246704056014807,19,17,10,4092.5882352941176,4167.578947368421,4256.0,105.88626347939089,0.248075203122265,-0.614343290795722,1.2333003471150348,0.5560335087312023,21.523892563205806,0.05042716443231891,-0.6227227024889688,0.7869829612105275,0.882395401770113,A1,Precúneo,area,rh,area,DKT,C,A_sin_ansiedad,True,0.9667199946671999,False,14
7_precuneus_volume_lh,46,"Q('7_precuneus_volume_lh') ~ C(Grupo, Treatment(reference='Voluntario Sano')) + Edad + C(Genero) + N_Educacional + eTIV",0.3115629465324381,2,39,0.7341072579345798,0.7356735661866413,0.7207279272072793,0.015726318381507103,4.401529300757905e-05,0.06385089022033347,0.595611549522641,0.8577819386029915,0.7547768773618192,19,17,10,9555.35294117647,9622.894736842105,9948.5,268.5572143634681,0.32739635294698066,-0.47882103672668114,1.1616721487857624,0.43792255993049223,116.60966443712312,0.14215808331782667,-0.6159710753934974,0.846685387045244,0.6769522658697759,A1,Precúneo,volume,lh,volume,DKT,C,A_sin_ansiedad,True,0.8953771289537713,False,16
7_precuneus_volume_rh,46,"Q('7_precuneus_volume_rh') ~ C(Grupo, Treatment(reference='Voluntario Sano')) + Edad + C(Genero) + N_Educacional + eTIV",0.187580790836019,2,39,0.829705619794234,0.8670165190258019,0.8263173682631737,0.00952787408615142,3.771009476487583e-06,0.037820300974886055,0.5331413435042379,0.17068535895231757,0.950783170332826,19,17,10,10336.35294117647,10436.78947368421,10851.5,234.81681885357784,0.2372616311908584,-0.6117031234413285,1.1087125466026313,0.5733071671175939,150.76512916988884,0.15233483124500333,-0.6140864474714391,0.9082481152297338,0.6553252998327638,A1,Precúneo,volume,rh,volume,DKT,C,A_sin_ansiedad,True,0.8953771289537713,False,16
7_precuneus_LGI_lh,45,"Q('7_precuneus_LGI_lh') ~ C(Grupo, Treatment(reference='Voluntario Sano')) + Edad + C(Genero) + N_Educacional",1.3056937320431843,2,39,0.28256736249261866,0.26355425717965286,0.27997200279972,0.06275655831808503,0.0006429421796662014,0.17333917486631067,0.25799848827636573,0.4995900759653506,0.24914161554271225,18,17,10,2.622176470588235,2.676888888888889,2.7362,-0.09761289219291605,-0.630312032123745,-1.350876240034081,0.14315145739604035,0.13638141451635566,-0.05998457216105483,-0.3873361061793409,-1.0441936838778578,0.4402056840477021,0.26395021676927904,A1,Precúneo,LGI,lh,LGI,DKT,C,A_sin_ansiedad,False,0.32663400326634,False,14
7_precuneus_LGI_rh,45,"Q('7_precuneus_LGI_rh') ~ C(Grupo, Treatment(reference='Voluntario Sano')) + Edad + C(Genero) + N_Educacional",0.2001259195001406,2,39,0.8194630591406143,0.8536067426762859,0.8267173282671733,0.010158611184411073,1.2720629425515869e-05,0.04143612995409663,0.7058458620024599,0.8915271960821332,0.22578268128854997,18,17,10,2.795294117647059,2.828611111111111,2.8343,-0.006716751903822843,-0.038317425686287654,-0.760401877866259,0.7421694375634268,0.9268136302126276,-0.03636166556188153,-0.20743440251292466,-0.9110734733255333,0.6481520920636565,0.547367143424326,A1,Precúneo,LGI,rh,LGI,DKT,C,A_sin_ansiedad,False,0.8267173282671733,False,14
8_isthmuscingulate_thickness_lh,46,"Q('8_isthmuscingulate_thickness_lh') ~ C(Grupo, Treatment(reference='Voluntario Sano')) + Edad + C(Genero) + N_Educacional",0.5762543603509321,2,40,0.566596012989267,0.6124437451226317,0.553944605539446,0.028005794944940793,3.68911806475207e-05,0.10889129297329535,0.7089684897722599,0.5861419981415711,0.8227037011430121,19,17,10,2.337705882352941,2.299526315789474,2.3525,-0.006740314208729115,-0.054215411479433456,-0.9119620531612996,0.7360741404111045,0.8965750094859362,0.03823843354569667,0.3075691050610238,-0.4412531794563257,1.1239838949101426,0.3678972038302182,A1,Istmo del cíngulo,thickness,lh,thickness,DKT,C,A_sin_ansiedad,False,0.9412058794120588,False,14
8_isthmuscingulate_thickness_rh,46,"Q('8_isthmuscingulate_thickness_rh') ~ C(Grupo, Treatment(reference='Voluntario Sano')) + Edad + C(Genero) + N_Educacional",4.016353499169656,2,40,0.025731112633741875,0.11663613606390345,0.023297670232976703,0.1672341098455483,0.020377647632648092,0.3945040950108816,0.1358867639534545,0.5960889624905484,0.06804283460167643,19,17,10,2.2733529411764706,2.235684210526316,2.3806000000000003,-0.09809997794052927,-0.8096242073826839,-1.855374842040282,0.24159583175659274,0.05777125794692139,0.04242331525601978,0.350121821734993,-0.2841905287934224,0.9662624408322581,0.3060919499472601,A1,Istmo del cíngulo,thickness,rh,thickness,DKT,C,A_sin_ansiedad,False,0.3261673832616739,False,14
8_isthmuscingulate_area_lh,46,"Q('8_isthmuscingulate_area_lh') ~ C(Grupo, Treatment(reference='Voluntario Sano')) + Edad + C(Genero) + N_Educacional + eTIV",2.774392443474973,2,39,0.07472406922229259,0.0931898554835161,0.07069293070692931,0.12455524659159443,0.010820722538090818,0.29726826221765906,0.7164883203288038,0.5636937269719228,0.6574725434404441,19,17,10,1017.2352941176471,1040.5263157894738,997.1,88.8583702517198,0.8419184313705981,0.03524354388714454,1.5970519967447643,0.0507858486291507,-8.65212034298763,-0.08197741604490885,-0.7888945674188245,0.6671976115241403,0.8099943959940084,A1,Istmo del cíngulo,area,lh,area,DKT,C,A_sin_ansiedad,True,0.4948505149485052,False,14
8_isthmuscingulate_area_rh,46,"Q('8_isthmuscingulate_area_rh') ~ C(Grupo, Treatment(reference='Voluntario Sano')) + Edad + C(Genero) + N_Educacional + eTIV",5.209023497196698,2,39,0.009885327569250311,0.029323030514719982,0.0096990300969903,0.2108146239687568,0.012689903458754873,0.41933918666615383,0.3354812798017491,0.9091277791479486,0.3390375067272233,19,17,10,976.9411764705883,945.1578947368421,923.3,120.49242569951792,1.346419035350647,0.11945953502277945,2.3235540287224663,0.0025626455202422734,46.394185759246014,0.5184227512492735,-0.15645781224648,1.1287062547448348,0.13388015962555752,A1,Istmo del cíngulo,area,rh,area,DKT,C,A_sin_ansiedad,True,0.1357864213578642,False,14
8_isthmuscingulate_volume_lh,46,"Q('8_isthmuscingulate_volume_lh') ~ C(Grupo, Treatment(reference='Voluntario Sano')) + Edad + C(Genero) + N_Educacional + eTIV",2.1633154896871525,2,39,0.12854017690503236,0.04625975477226088,0.12478752124787522,0.0998607757301509,0.006001035102229405,0.22500172830057494,0.8416152140160393,0.15983566812302452,0.5365230704962578,19,17,10,2494.3529411764707,2514.1052631578946,2448.3,225.4690146059247,0.8089264547604792,0.09896002842795348,1.553269748459636,0.06008009828115114,13.223262129921977,0.0474417585663463,-0.6796747336294734,0.8255637063989125,0.8893098267259368,A1,Istmo del cíngulo,volume,lh,volume,DKT,C,A_sin_ansiedad,True,0.6575342465753424,False,16
8_isthmuscingulate_volume_rh,46,"Q('8_isthmuscingulate_volume_rh') ~ C(Grupo, Treatment(reference='Voluntario Sano')) + Edad + C(Genero) + N_Educacional + eTIV",2.5486040911009313,2,39,0.09114723235344026,0.12427164670027009,0.09109089091090891,0.11559026959577805,0.004188251467557561,0.29971908577948525,0.7362753105406613,0.3335582003627078,0.8983105609216471,19,17,10,2377.0,2271.5263157894738,2333.0,227.149519591213,0.8695397080412032,-0.13115757345638224,1.7529349292959906,0.043992738118776666,148.55946868710703,0.5686930672863304,-0.10318617047094412,1.2546863259709944,0.10109192200743669,A1,Istmo del cíngulo,volume,rh,volume,DKT,C,A_sin_ansiedad,True,0.6575342465753424,False,16
8_isthmuscingulate_LGI_lh,45,"Q('8_isthmuscingulate_LGI_lh') ~ C(Grupo, Treatment(reference='Voluntario Sano')) + Edad + C(Genero) + N_Educacional",1.1026855075010733,2,39,0.3421055922399648,0.40775792434242847,0.3447655234476552,0.053521445400872864,0.0005173545067215661,0.17544203365446326,0.25871723668683055,0.07574638608565328,0.44808601150465993,18,17,10,2.509764705882353,2.585166666666667,2.5927,-0.058090815017995734,-0.3864404327361976,-1.404543055319511,0.5651174524419967,0.35687544714091324,-0.07398408372436094,-0.49216801866484733,-1.1461595067726769,0.270447453146947,0.15779057715781009,A1,Istmo del cíngulo,LGI,lh,LGI,DKT,C,A_sin_ansiedad,False,0.3712859483282441,False,14
8_isthmuscingulate_LGI_rh,45,"Q('8_isthmuscingulate_LGI_rh') ~ C(Grupo, Treatment(reference='Voluntario Sano')) + Edad + C(Genero) + N_Educacional",1.690096731928163,2,39,0.1977345710733215,0.2951069597905667,0.1917808219178082,0.07975880210974265,0.0006371304896458015,0.22467735482242535,0.5306545198768438,0.44911769520850775,0.9348846864385908,18,17,10,2.6574705882352943,2.718777777777778,2.6665,0.037148470385934995,0.24302262941198663,-0.7419875104786281,1.192709265203579,0.5610177733966393,-0.06981255998698342,-0.45670876129646426,-1.1457082551317685,0.34373962405770286,0.18915115754061254,A1,Istmo del cíngulo,LGI,rh,LGI,DKT,C,A_sin_ansiedad,False,0.24408468244084683,False,14
1_comp_thickness_lh,31,"Q('1_comp_thickness_lh') ~ C(Grupo, Treatment(reference='Voluntario Sano')) + Edad + C(Genero) + N_Educacional + STAI_Rasgo + BDI",0.5285353020507755,2,23,0.5964562203176226,0.6471437164284605,0.5948405159484051,0.04394012145108509,0.00012416772537524802,0.18025447087213575,0.7748011343658374,0.8645081039455192,0.9641343184586397,13,13,5,2.7675630443620074,2.776054375505599,2.7991946078550765,0.0702587539254575,0.6577083521875976,-1.2662916385871188,2.195916084853521,0.3199052617616423,0.031211299733890974,0.29217615415425924,-0.8240974481251828,1.262788823833571,0.5424982288394273,A1,Ínsula posterior,thickness,lh,thickness,DS,C,B_con_ansiedad,False,0.7570697475706974,False,14
1_comp_thickness_rh,31,"Q('1_comp_thickness_rh') ~ C(Grupo, Treatment(reference='Voluntario Sano')) + Edad + C(Genero) + N_Educacional + STAI_Rasgo + BDI",1.2576583877995555,2,23,0.30315101191772076,0.3876577478228244,0.30246975302469753,0.09858066030379709,0.002425727626941153,0.3561954181457311,0.880473643231078,0.3987523083526598,0.4551226718126954,13,13,5,2.8570108074069656,2.8487602817889215,2.8923296877127447,0.0652423475793738,0.6096480720970356,-0.9159018137205962,1.9394956953467997,0.3558111056510124,0.07941787972799813,0.7421093670380924,-0.714692239716297,2.0219873236720205,0.13000993052775606,A1,Ínsula posterior,thickness,rh,thickness,DS,C,B_con_ansiedad,False,0.6433356664333567,False,14
1_comp_area_lh,31,"Q('1_comp_area_lh') ~ C(Grupo, Treatment(reference='Voluntario Sano')) + Edad + C(Genero) + N_Educacional + STAI_Rasgo + BDI + eTIV",1.1532738177572113,2,22,0.33395921045267635,0.29151115505943487,0.33386661333866613,0.09489408656885166,0.0004087817078591286,0.2831634629954775,0.5059942241345874,0.7370805102786322,0.9548543124033462,13,13,5,1642.5384615384614,1691.076923076923,1716.4,-21.099052073074517,-0.22890381357374234,-2.1443920588696495,1.983532991528316,0.7268801924374204,-64.08615356125287,-0.6952712802753716,-1.6547857570500695,1.0910072299297393,0.15636593040678104,A1,Ínsula posterior,area,lh,area,DS,C,B_con_ansiedad,True,0.44337384443373845,False,14
1_comp_area_rh,31,"Q('1_comp_area_rh') ~ C(Grupo, Treatment(reference='Voluntario Sano')) + Edad + C(Genero) + N_Educacional + STAI_Rasgo + BDI + eTIV",2.8376807804870188,2,22,0.08009827293238375,0.15275069602256816,0.08039196080391961,0.20506910265544848,0.003481749292783845,0.45868944232050435,0.7101737237287726,0.3072567487611865,0.5608018833892333,13,13,5,1376.2307692307693,1393.8461538461538,1338.6,64.1502271586782,0.6874669170501526,-1.3732740377241124,2.188507473677249,0.29954524848753766,-60.606683452177364,-0.6494924752556616,-1.6444459686048767,1.4992177086358502,0.18421081370206083,A1,Ínsula posterior,area,rh,area,DS,C,B_con_ansiedad,True,0.2250974902509749,False,14
1_comp_volume_lh,31,"Q('1_comp_volume_lh') ~ C(Grupo, Treatment(reference='Voluntario Sano')) + Edad + C(Genero) + N_Educacional + STAI_Rasgo + BDI + eTIV",0.4319016716868184,2,22,0.6546606736392441,0.7006874115593932,0.6505349465053495,0.03778038720858677,0.00013742933537438254,0.13630779057615908,0.4803634177696381,0.9532480127899463,0.3051518724054274,13,13,5,3872.230769230769,3988.5384615384614,4124.6,22.502566588373156,0.0789218308942286,-2.5055145134124466,2.1735241367817464,0.9040277886181174,-101.66694323998624,-0.35657005037217027,-1.3339470785647138,0.9660154626344034,0.4596344978489036,A1,Ínsula posterior,volume,lh,volume,DS,C,B_con_ansiedad,True,0.8673799286737993,False,16
1_comp_volume_rh,31,"Q('1_comp_volume_rh') ~ C(Grupo, Treatment(reference='Voluntario Sano')) + Edad + C(Genero) + N_Educacional + STAI_Rasgo + BDI + eTIV",0.6873940578502986,2,22,0.5133634889447942,0.6891757144221239,0.5091490850914908,0.05881499797541123,0.00022924261016016046,0.23246652730331555,0.8427964774212389,0.2706481918460482,0.6934327563479467,13,13,5,3395.0,3440.846153846154,3432.8,133.20132307019196,0.44902873545105465,-1.6823162313785909,2.012823812159534,0.4949646245895183,-70.4977942869092,-0.23765180923959872,-1.2354044133711468,1.593301906329541,0.6209029715465766,A1,Ínsula posterior,volume,rh,volume,DS,C,B_con_ansiedad,True,0.7405804874058048,False,16
1_comp_LGI_lh,31,"Q('1_comp_LGI_lh') ~ C(Grupo, Treatment(reference='Voluntario Sano')) + Edad + C(Genero) + N_Educacional + STAI_Rasgo + BDI",2.6188321618931867,2,23,0.09447986086508164,0.12254716343090546,0.09119088091190881,0.1854850409626251,0.0018565714172883098,0.45183777039099604,0.07594624219362889,0.6420791464272382,0.8385150397687142,13,13,5,3.926644654881763,4.163473776758856,4.067886195011126,0.04446252431133735,0.24185755345684304,-1.8188558581090102,2.361624736837597,0.711945285578911,-0.15714658680677585,-0.8548117680643903,-1.8251401277935617,0.5921743640808329,0.08358447344399084,A1,Ínsula posterior,LGI,lh,LGI,DS,C,B_con_ansiedad,False,0.2105039496050395,False,14
1_comp_LGI_rh,31,"Q('1_comp_LGI_rh') ~ C(Grupo, Treatment(reference='Voluntario Sano')) + Edad + C(Genero) + N_Educacional + STAI_Rasgo + BDI",4.189429195774959,2,23,0.02808943556913373,0.0640018336318388,0.0314968503149685,0.2670224100251614,0.020330806321076866,0.5307312962448328,0.06029544245365195,0.3064061441687902,0.282977037776663,13,13,5,3.980008016436676,4.265364817568215,4.176374607167389,-0.004250434850165297,-0.020366266072486736,-1.6933547527658148,1.690348679183851,0.9751579760271049,-0.2526440540332462,-1.2105622618525034,-2.228412439010708,0.3776981327060703,0.017447252761570064,A1,Ínsula posterior,LGI,rh,LGI,DS,C,B_con_ansiedad,False,0.20764590207645903,False,14
2_supramarginal_thickness_lh,31,"Q('2_supramarginal_thickness_lh') ~ C(Grupo, Treatment(reference='Voluntario Sano')) + Edad + C(Genero) + N_Educacional + STAI_Rasgo + BDI",2.6293963139221592,2,23,0.09367068282906259,0.15468906816199998,0.098990100989901,0.18609403087740758,0.003418993672110889,0.4830540035064641,0.1717998436294844,0.1834228200715765,0.8741926936275405,13,13,5,2.692923076923077,2.6366153846153844,2.714,0.05925538781118456,0.6198345558114241,-1.1233043141112264,1.8791946372310318,0.34798222485824887,0.10339275723619779,1.0815287203895516,-1.106191512379032,2.3855147091819484,0.03162794341538099,A1,Giro supramarginal,thickness,lh,thickness,DKT,C,B_con_ansiedad,False,0.39371062893710634,False,14
2_supramarginal_thickness_rh,31,"Q('2_supramarginal_thickness_rh') ~ C(Grupo, Treatment(reference='Voluntario Sano')) + Edad + C(Genero) + N_Educacional + STAI_Rasgo + BDI",0.6895733404515032,2,23,0.5118672692109336,0.5683724118874537,0.514048595140486,0.05657075282226091,0.000167804157085318,0.2288465081284631,0.4103758932468996,0.9651187283248842,0.6328895467165558,13,13,5,2.672846153846154,2.662384615384615,2.7306,0.000150330709083768,0.001760991131561216,-1.3304660781517896,1.7351297682417361,0.9978516401989381,0.041736296582276414,0.4889037548851244,-0.8708725712058507,1.8888874791111272,0.31166003636330375,A1,Giro supramarginal,thickness,rh,thickness,DKT,C,B_con_ansiedad,False,0.7570697475706974,False,14
2_supramarginal_area_lh,31,"Q('2_supramarginal_area_lh') ~ C(Grupo, Treatment(reference='Voluntario Sano')) + Edad + C(Genero) + N_Educacional + STAI_Rasgo + BDI + eTIV",3.399373527349875,2,22,0.05170588336846858,0.30119014808794253,0.0496950304969503,0.23607787664464533,0.0069915781287280465,0.5892199303782523,0.4482988086268219,0.6572389464939954,0.7392268002980392,13,13,5,3609.4615384615386,3770.0,3321.4,486.4200985764602,1.0781903080173407,-0.8307732754911664,2.7399891831345693,0.10982325991760604,-207.83627934039862,-0.4606862724114561,-2.2969803164507527,0.8185742285401676,0.34140880990117217,A1,Giro supramarginal,area,lh,area,DKT,C,B_con_ansiedad,True,0.22117788221177884,False,14
2_supramarginal_area_rh,31,"Q('2_supramarginal_area_rh') ~ C(Grupo, Treatment(reference='Voluntario Sano')) + Edad + C(Genero) + N_Educacional + STAI_Rasgo + BDI + eTIV",3.170556290813076,2,22,0.06166853638252463,0.15120724538204638,0.06319368063193681,0.2237425423353762,0.0035472145788687267,0.46518853338171906,0.3238998373691035,0.11037907772330896,0.72177317635447,13,13,5,3223.076923076923,3579.4615384615386,3248.6,82.30139053134957,0.23891026890288103,-1.5479323802029972,2.2515554274812586,0.7154837413080172,-329.0196764492642,-0.9551014735879899,-1.8822807751432826,0.8424709525668913,0.05616741984071079,A1,Giro supramarginal,area,rh,area,DKT,C,B_con_ansiedad,True,0.22117788221177884,False,14
2_supramarginal_volume_lh,31,"Q('2_supramarginal_volume_lh') ~ C(Grupo, Treatment(reference='Voluntario Sano')) + Edad + C(Genero) + N_Educacional + STAI_Rasgo + BDI + eTIV",4.677338720747353,2,22,0.020291949741473955,0.14557576632925492,0.021897810218978103,0.29835030065130724,0.03294659938529509,0.5689116019233901,0.44456012217593543,0.37045861344645836,0.5721675111660729,13,13,5,10206.461538461539,10305.538461538461,9237.2,1925.9227153972734,1.749905740139005,-0.37547876429469795,3.183487064544255,0.012948274078633509,14.962169948786823,0.013594723645448338,-1.8528343434660537,1.4377478618610073,0.9773657081753013,A1,Giro supramarginal,volume,lh,volume,DKT,C,B_con_ansiedad,True,0.35036496350364965,False,16
2_supramarginal_volume_rh,31,"Q('2_supramarginal_volume_rh') ~ C(Grupo, Treatment(reference='Voluntario Sano')) + Edad + C(Genero) + N_Educacional + STAI_Rasgo + BDI + eTIV",2.1306447955737564,2,22,0.1426175436275974,0.2744292568316051,0.14088591140885912,0.16226505466753474,0.0018701537228456861,0.40516606868734006,0.3958923677725272,0.530929390636372,0.5016589237470157,13,13,5,8995.0,9977.538461538461,9157.4,359.8274001508553,0.32747490215568503,-1.8502894189609087,2.2950296759991633,0.6178141812580094,-791.3369865958575,-0.72018696227416,-1.5960841872563483,1.0881831247545606,0.1427063715168829,A1,Giro supramarginal,volume,rh,volume,DKT,C,B_con_ansiedad,True,0.6575342465753424,False,16
2_supramarginal_LGI_lh,31,"Q('2_supramarginal_LGI_lh') ~ C(Grupo, Treatment(reference='Voluntario Sano')) + Edad + C(Genero) + N_Educacional + STAI_Rasgo + BDI",2.5819941343019184,2,23,0.09736151757480653,0.0968064632194445,0.0968903109689031,0.18335429696086253,0.0020340202712346763,0.4004898627608063,0.06341438718156339,0.6207348106571331,0.8249518189523279,13,13,5,3.2691538461538463,3.4123076923076923,3.313,-0.022685465868961585,-0.17095234974581594,-2.229935886357189,1.7551149582594716,0.7939455739389388,-0.1324106537512474,-0.9978156287778067,-2.014493944905443,0.2949817055844428,0.04581950687448581,A1,Giro supramarginal,LGI,lh,LGI,DKT,C,B_con_ansiedad,False,0.2105039496050395,False,14
2_supramarginal_LGI_rh,31,"Q('2_supramarginal_LGI_rh') ~ C(Grupo, Treatment(reference='Voluntario Sano')) + Edad + C(Genero) + N_Educacional + STAI_Rasgo + BDI",2.384920979132966,2,23,0.11449220531112812,0.12916153682905496,0.11858814118588142,0.17176338149256723,0.011891641122523985,0.3962054746373146,0.11417830764261043,0.5711344411172657,0.5531700649525959,13,13,5,3.2385384615384614,3.3626153846153843,3.2918,0.00856788601778058,0.07896611057861143,-1.4062874257557607,1.5809912271449953,0.9039124170004117,-0.09539903451379185,-0.8792473070808048,-1.8793589899238134,0.2388227096330551,0.07565748000036875,A1,Giro supramarginal,LGI,rh,LGI,DKT,C,B_con_ansiedad,False,0.2105039496050395,False,14
3_superiortemporal_thickness_lh,31,"Q('3_superiortemporal_thickness_lh') ~ C(Grupo, Treatment(reference='Voluntario Sano')) + Edad + C(Genero) + N_Educacional + STAI_Rasgo + BDI",0.8774891262957808,2,23,0.4292900267911741,0.41785742906932205,0.43875612438756123,0.07089395250863674,0.0006056450248912308,0.263558029405551,0.2297806279110236,0.6005265237196669,0.5231496062112414,13,13,5,2.9047692307692308,2.8787692307692305,3.0088,-0.029940066508241214,-0.2327245546742346,-1.6070136989381774,1.109875473199033,0.7223341079442019,0.05780416094345625,0.4493125494621316,-0.6890204267327068,1.5664922620492963,0.35162980562975066,A1,Temporal superior,thickness,lh,thickness,DKT,C,B_con_ansiedad,False,0.7570697475706974,False,14
3_superiortemporal_thickness_rh,31,"Q('3_superiortemporal_thickness_rh') ~ C(Grupo, Treatment(reference='Voluntario Sano')) + Edad + C(Genero) + N_Educacional + STAI_Rasgo + BDI",0.35043684210629045,2,23,0.7080762437173348,0.7086867029576521,0.7092290770922908,0.029571639153515288,5.091613339059743e-05,0.1093819775894023,0.3908216613035074,0.7184089101312597,0.8619163877009633,13,13,5,2.9579230769230773,2.9523076923076923,3.041,0.008997429568308346,0.0865209957561126,-1.552487177422169,2.1026559531303053,0.8947740086621362,0.03885817104283454,0.3736675709837761,-0.7389228659380328,1.3897469288718676,0.43721896459539,A1,Temporal superior,thickness,rh,thickness,DKT,C,B_con_ansiedad,False,0.8274339232743393,False,14
3_superiortemporal_area_lh,31,"Q('3_superiortemporal_area_lh') ~ C(Grupo, Treatment(reference='Voluntario Sano')) + Edad + C(Genero) + N_Educacional + STAI_Rasgo + BDI + eTIV",2.419443996292893,2,22,0.11226381392495069,0.2298707483238186,0.10978902109789021,0.1802939076284578,0.003052013191886439,0.4052528115907803,0.3121510761077444,0.381744892523577,0.8947220475353861,13,13,5,5092.0,5180.307692307692,5720.4,-409.2423658383851,-1.4187016105928583,-2.7206503310529824,0.643627137474464,0.03920475304693266,-163.74351569035184,-0.5676420840695132,-1.7552006974603092,0.9402764755215988,0.24359104301080128,A1,Temporal superior,area,lh,area,DKT,C,B_con_ansiedad,True,0.25617438256174385,False,14
3_superiortemporal_area_rh,31,"Q('3_superiortemporal_area_rh') ~ C(Grupo, Treatment(reference='Voluntario Sano')) + Edad + C(Genero) + N_Educacional + STAI_Rasgo + BDI + eTIV",1.862325588324362,2,22,0.17898022497591293,0.3596301359891789,0.1770822917708229,0.14478918104941052,0.00015856930918699367,0.4140665693725902,0.35538507827052157,0.13148070443439863,0.6553364747204469,13,13,5,4676.2307692307695,4924.846153846154,5119.2,-131.48896989592993,-0.44352339580658784,-2.0708594140657963,2.5828883093265285,0.5002128613677007,-268.6923866993261,-0.9063221034477872,-2.2896993626979083,0.9763591257935329,0.068840538173734,A1,Temporal superior,area,rh,area,DKT,C,B_con_ansiedad,True,0.3098940105989401,False,14
3_superiortemporal_volume_lh,31,"Q('3_superiortemporal_volume_lh') ~ C(Grupo, Treatment(reference='Voluntario Sano')) + Edad + C(Genero) + N_Educacional + STAI_Rasgo + BDI + eTIV",2.2473743079958113,2,22,0.12938730088415962,0.41495298157160687,0.12538746125387462,0.16964677344697263,0.003960008180441558,0.40541726821273383,0.1911584515745494,0.08278724641757595,0.348255393485637,13,13,5,16159.153846153846,16132.384615384615,18868.4,-1469.918545686982,-1.1703173060262593,-2.418695480522299,0.8964820139596863,0.08418443710439373,67.4617638856621,0.053711595109883284,-0.8920696991286272,1.1542818387491989,0.9107608904447578,A1,Temporal superior,volume,lh,volume,DKT,C,B_con_ansiedad,True,0.6575342465753424,False,16
3_superiortemporal_volume_rh,31,"Q('3_superiortemporal_volume_rh') ~ C(Grupo, Treatment(reference='Voluntario Sano')) + Edad + C(Genero) + N_Educacional + STAI_Rasgo + BDI + eTIV",0.7430267445130964,2,22,0.48723557120697264,0.6098426109806336,0.49375062493750627,0.06327386973382088,0.00024081735962542118,0.23218544044106793,0.3432836538484498,0.032779181668020886,0.8090080616719697,13,13,5,15077.076923076924,15894.307692307691,17129.6,-505.90001030628946,-0.4243788006914903,-1.8948670202661375,1.3039943273418857,0.5187068026493601,-686.6340411922597,-0.5759891776612203,-1.9102749659209546,0.6399011333440573,0.23694205822658465,A1,Temporal superior,volume,rh,volume,DKT,C,B_con_ansiedad,True,0.7405804874058048,False,16
3_superiortemporal_LGI_lh,31,"Q('3_superiortemporal_LGI_lh') ~ C(Grupo, Treatment(reference='Voluntario Sano')) + Edad + C(Genero) + N_Educacional + STAI_Rasgo + BDI",1.86591899837402,2,23,0.17743474980004756,0.30282573852910905,0.1733826617338266,0.1396027462534384,0.0006326613129195662,0.384643812775734,0.054864951335067455,0.7055951302821879,0.4487672316780187,13,13,5,3.4326923076923075,3.6073076923076925,3.5676,0.014993741232912527,0.1028161163972991,-2.2457790560097974,2.3303659884961196,0.875115674719124,-0.11153116787037781,-0.7647992158565465,-2.0016145525793965,0.39521679214293637,0.11923643521759895,A1,Temporal superior,LGI,lh,LGI,DKT,C,B_con_ansiedad,False,0.22066884220668842,False,14
3_superiortemporal_LGI_rh,31,"Q('3_superiortemporal_LGI_rh') ~ C(Grupo, Treatment(reference='Voluntario Sano')) + Edad + C(Genero) + N_Educacional + STAI_Rasgo + BDI",3.6106492220262725,2,23,0.04327820483227881,0.16612995678424208,0.044495550444955505,0.23894732575508096,0.006087377785973079,0.5408128176655714,0.04854251449051045,0.7969252810999595,0.34100503018178846,13,13,5,3.3806153846153846,3.5778461538461537,3.4652000000000003,0.10437024481920287,0.693143912854784,-1.4627046964287709,2.7024084332104814,0.2951026093467941,-0.11804985578382357,-0.7839929770375273,-1.8257745892013366,0.2852953932488594,0.11071479859470325,A1,Temporal superior,LGI,rh,LGI,DKT,C,B_con_ansiedad,False,0.20764590207645903,False,14
4_Hippocampus_volume_lh,31,"Q('4_Hippocampus_volume_lh') ~ C(Grupo, Treatment(reference='Voluntario Sano')) + Edad + C(Genero) + N_Educacional + STAI_Rasgo + BDI + eTIV",1.5250111837197984,2,22,0.2397508696456669,0.15502548879355743,0.23817618238176183,0.12175727121920905,0.002207494034087902,0.3371313414825519,0.1981124271520853,0.7373838944341856,0.9292256462605654,13,13,5,4001.492307692308,4254.2,4412.2,-199.86445880365937,-0.531035756669264,-2.1218658260902847,1.35734288697189,0.4206156331668571,-311.3887802883693,-0.8273535852674861,-1.8496238003888446,0.266995375547711,0.09469153381392938,A1,Hipocampo,volume,lh,volume,aseg,S,B_con_ansiedad,True,0.6575342465753424,False,16
4_Hippocampus_volume_rh,31,"Q('4_Hippocampus_volume_rh') ~ C(Grupo, Treatment(reference='Voluntario Sano')) + Edad + C(Genero) + N_Educacional + STAI_Rasgo + BDI + eTIV",0.9344060983266304,2,22,0.4078595237156271,0.4615513628489589,0.39606039396060394,0.07829514855017772,0.0005965640144988889,0.2511241246209294,0.6776367371128851,0.5362129398759777,0.7079076110032434,13,13,5,4210.7692307692305,4317.723076923077,4366.14,171.4428161273912,0.40775994761099765,-2.0110382600681396,2.0996775768495652,0.5350625052304387,-152.93210373000693,-0.3637340310523759,-1.4296422141090706,0.7818902260151306,0.45078120456491816,A1,Hipocampo,volume,rh,volume,aseg,S,B_con_ansiedad,True,0.7041073670410737,False,16
5_parahippocampal_thickness_lh,31,"Q('5_parahippocampal_thickness_lh') ~ C(Grupo, Treatment(reference='Voluntario Sano')) + Edad + C(Genero) + N_Educacional + STAI_Rasgo + BDI",1.3095639410802467,2,23,0.2893211524545664,0.41165499465582117,0.286971302869713,0.10223329592668473,0.00035828361023521266,0.2942192648818236,0.0351287089896098,0.2378730920184121,0.2728002086756645,13,13,5,2.663923076923077,2.7993076923076923,2.84,-0.15572513152753503,-0.8685745917759106,-2.283647684882981,1.126863460185461,0.19251332894762474,-0.12144181060969687,-0.6773554791070695,-1.782832295461756,1.2995675442894994,0.16524108116545483,A1,Corteza parahipocampal,thickness,lh,thickness,DKT,C,B_con_ansiedad,False,0.6433356664333567,False,14
5_parahippocampal_thickness_rh,31,"Q('5_parahippocampal_thickness_rh') ~ C(Grupo, Treatment(reference='Voluntario Sano')) + Edad + C(Genero) + N_Educacional + STAI_Rasgo + BDI",0.5262832040434795,2,23,0.5977419784722854,0.8159809554823649,0.5914408559144085,0.04376108520931325,0.00010702454121189345,0.16287268994983875,0.42005315957179634,0.983661236480522,0.3584027613226794,13,13,5,2.632,2.718923076923077,2.7603999999999997,-0.11889622567989766,-0.6310212114797091,-3.0154355170071576,1.8270879636800608,0.3395201568476477,-0.06620947090552956,-0.35139534752533097,-1.4835900096484673,1.295309769125131,0.4646864448214446,A1,Corteza parahipocampal,thickness,rh,thickness,DKT,C,B_con_ansiedad,False,0.7570697475706974,False,14
5_parahippocampal_area_lh,31,"Q('5_parahippocampal_area_lh') ~ C(Grupo, Treatment(reference='Voluntario Sano')) + Edad + C(Genero) + N_Educacional + STAI_Rasgo + BDI + eTIV",1.3394545725996019,2,22,0.282529589508752,0.39718574054668515,0.2833716628337166,0.10855054935523083,0.0002464650417815604,0.30155829528785133,0.9109764676458999,0.04650389252345964,0.5563780700026183,13,13,5,704.0,727.0769230769231,710.0,44.268668083286315,0.7233650746056667,-1.705361712519465,2.0867767630860343,0.27564668825681554,-15.087087740164662,-0.24652813877783786,-1.3258194805662158,0.9564779217095939,0.6079980491093556,A1,Corteza parahipocampal,area,lh,area,DKT,C,B_con_ansiedad,True,0.4408003644080036,False,14
5_parahippocampal_area_rh,31,"Q('5_parahippocampal_area_rh') ~ C(Grupo, Treatment(reference='Voluntario Sano')) + Edad + C(Genero) + N_Educacional + STAI_Rasgo + BDI + eTIV",0.6232884549057577,2,22,0.5453814506717501,0.5627426403107345,0.5511448855114488,0.05362410623498643,0.00012796795740908736,0.2237718966457544,0.7577387940741902,0.5858269008699268,0.2682532161916886,13,13,5,674.0769230769231,660.5384615384615,682.4,39.30829073582983,0.7143778579051657,-0.9624197892420122,2.6828524737389223,0.28149541063803624,17.49160899656706,0.31788759908841424,-0.8319885876065355,1.2977537175671643,0.5092015428639861,A1,Corteza parahipocampal,area,rh,area,DKT,C,B_con_ansiedad,True,0.5935406459354063,False,14
5_parahippocampal_volume_lh,31,"Q('5_parahippocampal_volume_lh') ~ C(Grupo, Treatment(reference='Voluntario Sano')) + Edad + C(Genero) + N_Educacional + STAI_Rasgo + BDI + eTIV",1.0812352887368883,2,22,0.356528924314268,0.5494249672502994,0.35976402359764026,0.08949708062923863,0.0002255807999165791,0.28422351442351546,0.14651967876591415,0.4039772109084111,0.5355279176129242,13,13,5,2094.769230769231,2287.846153846154,2273.8,-24.78395682958859,-0.09645264277256586,-1.9652726305265202,1.5692787487752615,0.8828591156401626,-165.30981351456174,-0.6433423242040154,-1.6397382921582533,1.4443703477820116,0.18823449557160488,A1,Corteza parahipocampal,volume,lh,volume,DKT,C,B_con_ansiedad,True,0.7041073670410737,False,16
5_parahippocampal_volume_rh,31,"Q('5_parahippocampal_volume_rh') ~ C(Grupo, Treatment(reference='Voluntario Sano')) + Edad + C(Genero) + N_Educacional + STAI_Rasgo + BDI + eTIV",0.1610177434972703,2,22,0.8522710813526868,0.8970837815356235,0.8536146385361464,0.014426797555364863,1.6607136137624935e-05,0.04140974029679587,0.6493377267265008,0.766462082009109,0.4306763418449217,13,13,5,1947.6153846153845,1961.923076923077,2024.6,49.51179526451523,0.29481786641681035,-1.7197894351942782,1.9608513450455536,0.6531156518249043,-6.447854160851733,-0.03839373217055318,-1.2799316139441412,1.4574817759735952,0.9361409532088543,A1,Corteza parahipocampal,volume,rh,volume,DKT,C,B_con_ansiedad,True,0.9481051894810519,False,16
5_parahippocampal_LGI_lh,31,"Q('5_parahippocampal_LGI_lh') ~ C(Grupo, Treatment(reference='Voluntario Sano')) + Edad + C(Genero) + N_Educacional + STAI_Rasgo + BDI",5.553760080975356,2,23,0.010766968739297396,0.005430463368164257,0.012598740125987402,0.3256619100189499,0.03829989476288938,0.5855050241567069,0.04693590692802251,0.48738056883714836,0.9773920143030551,13,13,5,2.5970769230769233,2.699076923076923,2.6316,0.004516966014439849,0.049398905514642925,-1.7127961876539566,1.9062785892497849,0.9397956897864261,-0.12510907557203468,-1.368230662672736,-2.374899152814495,0.1485979608460083,0.008164037965154587,A1,Corteza parahipocampal,LGI,lh,LGI,DKT,C,B_con_ansiedad,False,0.17638236176382363,False,14
5_parahippocampal_LGI_rh,31,"Q('5_parahippocampal_LGI_rh') ~ C(Grupo, Treatment(reference='Voluntario Sano')) + Edad + C(Genero) + N_Educacional + STAI_Rasgo + BDI",2.898195584843204,2,23,0.0754192785727731,0.07883776507651824,0.0745925407459254,0.20128880509819558,0.0017814733906982977,0.4259662649903317,0.44257892164966595,0.5779561391046679,0.5596026299495929,13,13,5,2.6739230769230766,2.7250769230769234,2.6292,0.12621042594880238,1.042225302212009,-1.899777781756528,2.3863518527183696,0.12082320030094053,-0.0462600364196433,-0.3820079052530824,-1.652265187653495,0.7624528349443886,0.4271946728364518,A1,Corteza parahipocampal,LGI,rh,LGI,DKT,C,B_con_ansiedad,False,0.2105039496050395,False,14
6_entorhinal_thickness_lh,31,"Q('6_entorhinal_thickness_lh') ~ C(Grupo, Treatment(reference='Voluntario Sano')) + Edad + C(Genero) + N_Educacional + STAI_Rasgo + BDI",0.022721378856228103,2,23,0.977556720963276,0.9811739051032727,0.9776022397760225,0.001971876096728417,3.9684466556945836e-05,0.0018503941188210023,0.30319997481191574,0.7960088530373797,0.3915069874516253,13,13,5,2.7809999999999997,2.825307692307692,2.9262,0.008578423040030814,0.05290159076286077,-1.9558585496067689,1.3371491119364944,0.9355364239743305,0.01625236808893707,0.10022542856142919,-1.2604623203093799,1.222719740174364,0.8339191145137512,A1,Corteza entorrinal,thickness,lh,thickness,DKT,C,B_con_ansiedad,False,0.9776022397760225,False,14
6_entorhinal_thickness_rh,31,"Q('6_entorhinal_thickness_rh') ~ C(Grupo, Treatment(reference='Voluntario Sano')) + Edad + C(Genero) + N_Educacional + STAI_Rasgo + BDI",0.08472431826703587,2,23,0.9190509231955261,0.9398596474247702,0.9166083391660834,0.007313451398531841,0.00013662696130242714,0.0160104203225001,0.9194345078471415,0.690857411734495,0.39266272414620634,13,13,5,2.8524615384615384,2.8613846153846154,2.9108,0.02951993452463242,0.15181384676767898,-2.1053692246900386,1.563962528563224,0.816548376690473,0.037594704067764106,0.19334042349780062,-1.4311752357194396,1.2931226814854115,0.6862520276919974,A1,Corteza entorrinal,thickness,rh,thickness,DKT,C,B_con_ansiedad,False,0.9776022397760225,False,14
6_entorhinal_area_lh,31,"Q('6_entorhinal_area_lh') ~ C(Grupo, Treatment(reference='Voluntario Sano')) + Edad + C(Genero) + N_Educacional + STAI_Rasgo + BDI + eTIV",3.612782027278034,2,22,0.043980237376907885,0.16915487879112517,0.0451954804519548,0.24723437470934465,0.004701565426701674,0.5531076133173122,0.09563648461667622,0.06554668142602155,0.9819360713682386,13,13,5,392.0,439.0,474.4,-77.64179158502411,-1.457347866571813,-2.8861431021114847,0.975272176764183,0.034614922120722785,-59.601077903633914,-1.118721012936996,-2.2447846652646213,1.3175878812309063,0.02747661586421208,A1,Corteza entorrinal,area,lh,area,DKT,C,B_con_ansiedad,True,0.22117788221177884,False,14
6_entorhinal_area_rh,31,"Q('6_entorhinal_area_rh') ~ C(Grupo, Treatment(reference='Voluntario Sano')) + Edad + C(Genero) + N_Educacional + STAI_Rasgo + BDI + eTIV",0.6619727570412804,2,22,0.5258081200949777,0.730216908739505,0.5291470852914708,0.05676335992481149,7.339236127832416e-05,0.2056343596291755,0.2637772187545837,0.9430284038471537,0.7673951063135122,13,13,5,378.15384615384613,393.38461538461536,444.2,-37.91703693474005,-0.6802209671378496,-2.791332132272884,2.4568371356392853,0.3045435360847745,-24.06291522329219,-0.43168192423673407,-1.5623923624692464,1.8894483587978055,0.37206404261083204,A1,Corteza entorrinal,area,rh,area,DKT,C,B_con_ansiedad,True,0.5935406459354063,False,14
6_entorhinal_volume_lh,31,"Q('6_entorhinal_volume_lh') ~ C(Grupo, Treatment(reference='Voluntario Sano')) + Edad + C(Genero) + N_Educacional + STAI_Rasgo + BDI + eTIV",1.2081843269120993,2,22,0.31780277105837895,0.5211139112934404,0.3086691330866913,0.09896511181017642,0.00016338562762507062,0.3096328966166973,0.059105940428438,0.5496197334163397,0.8867143695433879,13,13,5,1327.6153846153845,1455.5384615384614,1636.0,-171.21412806454842,-0.8481028604445427,-2.5017660291745987,1.186268510440171,0.2034661562544131,-129.9031674692609,-0.6434705427460498,-1.6762891399625035,1.3492685441271912,0.1881499075298959,A1,Corteza entorrinal,volume,lh,volume,DKT,C,B_con_ansiedad,True,0.7041073670410737,False,16
6_entorhinal_volume_rh,31,"Q('6_entorhinal_volume_rh') ~ C(Grupo, Treatment(reference='Voluntario Sano')) + Edad + C(Genero) + N_Educacional + STAI_Rasgo + BDI + eTIV",0.05453807976247179,2,22,0.9470500605993678,0.9500357578499896,0.9481051894810519,0.004933546690866675,2.318045179659418e-05,0.00903505721026879,0.5569399989060977,0.9273058134320797,0.16404117958643027,13,13,5,1320.2307692307693,1335.3076923076924,1481.4,-25.832360540802412,-0.13360716654694804,-3.0733783878438197,2.7062249126429587,0.8383083980883596,-29.762325662982207,-0.15393328052222408,-1.1783089786600287,1.4154707702609317,0.7483065594292693,A1,Corteza entorrinal,volume,rh,volume,DKT,C,B_con_ansiedad,True,0.9481051894810519,False,16
6_entorhinal_LGI_lh,31,"Q('6_entorhinal_LGI_lh') ~ C(Grupo, Treatment(reference='Voluntario Sano')) + Edad + C(Genero) + N_Educacional + STAI_Rasgo + BDI",1.7767576165173857,2,23,0.19163148119401519,0.3366568826672209,0.19188081191880813,0.13382466320745,0.0027029398091749034,0.3823098514910693,0.7205578836972566,0.16218310812906317,0.9844133232145338,13,13,5,2.411230769230769,2.4193076923076924,2.379,0.10242136577156302,1.0675478494246486,-0.7088837694991098,2.409837354327472,0.11250903622266335,-0.0007900901864781873,-0.008235186799866833,-0.8511572895047468,1.2316521231322732,0.9862476611591882,A1,Corteza entorrinal,LGI,lh,LGI,DKT,C,B_con_ansiedad,False,0.2238609472386095,False,14
6_entorhinal_LGI_rh,31,"Q('6_entorhinal_LGI_rh') ~ C(Grupo, Treatment(reference='Voluntario Sano')) + Edad + C(Genero) + N_Educacional + STAI_Rasgo + BDI",2.044004107534982,2,23,0.15238203908431425,0.1253748094612309,0.15648435156484353,0.15091579205870398,0.0009796519106057278,0.3575962185896489,0.3862810769181994,0.7102619944176085,0.6081123352082107,13,13,5,2.4744615384615383,2.506153846153846,2.452,0.10764956016358407,1.0717888556666209,-1.3419207960182566,2.607969952943093,0.11116466338444253,-0.011022984689090895,-0.10974789054408032,-1.5550875689855579,1.1335390775141947,0.818420312459756,A1,Corteza entorrinal,LGI,rh,LGI,DKT,C,B_con_ansiedad,False,0.21907809219078092,False,14
7_precuneus_thickness_lh,31,"Q('7_precuneus_thickness_lh') ~ C(Grupo, Treatment(reference='Voluntario Sano')) + Edad + C(Genero) + N_Educacional + STAI_Rasgo + BDI",2.383984653281626,2,23,0.11458103137556143,0.14326093240629512,0.11248875112488751,0.17170752581595128,0.0021597591417539374,0.41378315581167213,0.7054148284425242,0.665689591625199,0.5554815333988066,13,13,5,2.4996923076923077,2.4658461538461536,2.5149999999999997,0.10417830344855622,1.0824507877425311,-1.2762077398227567,2.500677257307912,0.10784450190122716,0.09232122080372628,0.9592513496218834,-0.46221466192271393,1.9428822375677874,0.054108224435004265,A1,Precúneo,thickness,lh,thickness,DKT,C,B_con_ansiedad,False,0.39371062893710634,False,14
7_precuneus_thickness_rh,31,"Q('7_precuneus_thickness_rh') ~ C(Grupo, Treatment(reference='Voluntario Sano')) + Edad + C(Genero) + N_Educacional + STAI_Rasgo + BDI",1.1815433068162606,2,23,0.3247475692436252,0.4223553715774544,0.32166783321667836,0.09317030886778484,0.000790396221629153,0.29665933865055744,0.36650050742818546,0.17329260584665301,0.3692401223586622,13,13,5,2.521230769230769,2.495923076923077,2.5796,0.04498219181565316,0.4168770573596354,-1.5566464671969484,2.282115533451441,0.525708414986183,0.07823653151000096,0.7250650472430743,-0.5796960168011195,1.8912623664265005,0.13862252451099497,A1,Precúneo,thickness,rh,thickness,DKT,C,B_con_ansiedad,False,0.6433356664333567,False,14
7_precuneus_area_lh,31,"Q('7_precuneus_area_lh') ~ C(Grupo, Treatment(reference='Voluntario Sano')) + Edad + C(Genero) + N_Educacional + STAI_Rasgo + BDI + eTIV",0.1979495810559766,2,22,0.8218564190675508,0.8698969955406464,0.8233176682331766,0.017677305976699153,5.144170101106414e-05,0.06274257629834605,0.6810503046943766,0.36818511598816916,0.7165133720865887,13,13,5,3631.846153846154,3732.4615384615386,3767.6,-61.83949062054796,-0.1724088580968014,-1.681896574323277,1.9522626768326807,0.792369418639043,-106.73682958045158,-0.2975828992149529,-1.8278129024259264,0.8706013689349453,0.5363756167947641,A1,Precúneo,area,lh,area,DKT,C,B_con_ansiedad,True,0.8233176682331766,False,14
7_precuneus_area_rh,31,"Q('7_precuneus_area_rh') ~ C(Grupo, Treatment(reference='Voluntario Sano')) + Edad + C(Genero) + N_Educacional + STAI_Rasgo + BDI + eTIV",1.0975294816674481,2,22,0.35128204795087725,0.4923618368744721,0.34836516348365165,0.09072343930474734,0.001915430991581402,0.34081530226536927,0.9336324351663082,0.8148216584545411,0.5771063378135639,13,13,5,3894.153846153846,4120.076923076923,3992.0,24.94436504243197,0.07039926030213822,-2.0624961084990288,1.4628577576052089,0.9143463345435335,-209.53692190149118,-0.5913657967544602,-1.6991798236578013,0.42666706312170477,0.2250542058452802,A1,Precúneo,area,rh,area,DKT,C,B_con_ansiedad,True,0.44337384443373845,False,14
7_precuneus_volume_lh,31,"Q('7_precuneus_volume_lh') ~ C(Grupo, Treatment(reference='Voluntario Sano')) + Edad + C(Genero) + N_Educacional + STAI_Rasgo + BDI + eTIV",0.2533251204050336,2,22,0.7784487179059321,0.8439880205554039,0.7756224377562244,0.02251113494852229,7.179212785210803e-06,0.0718543408044753,0.7028108434953644,0.9975690682150732,0.5771626575744013,13,13,5,9381.0,9449.0,9791.4,363.9839619533848,0.42010063908338763,-1.7075122824964952,2.307274000100909,0.5228906824141635,232.02856480717332,0.26780121804811374,-1.289461498961917,1.5769387667721009,0.577602212488611,A1,Precúneo,volume,lh,volume,DKT,C,B_con_ansiedad,True,0.9481051894810519,False,16
7_precuneus_volume_rh,31,"Q('7_precuneus_volume_rh') ~ C(Grupo, Treatment(reference='Voluntario Sano')) + Edad + C(Genero) + N_Educacional + STAI_Rasgo + BDI + eTIV",0.0750111365887683,2,22,0.9279693863127135,0.9402520422450719,0.9271072892710729,0.0067730077797350735,3.813301082186449e-05,0.017173707229954597,0.8074826203540872,0.5447914878556164,0.9517118908164783,13,13,5,10004.76923076923,10325.0,10524.6,223.9000253916979,0.2189979585484788,-1.5923340177837901,1.6982298430881269,0.7382260982423934,-2.332839237658959,-0.0022817640586477797,-1.2256403877459663,1.1739553554282038,0.9962004880362646,A1,Precúneo,volume,rh,volume,DKT,C,B_con_ansiedad,True,0.9481051894810519,False,16
7_precuneus_LGI_lh,31,"Q('7_precuneus_LGI_lh') ~ C(Grupo, Treatment(reference='Voluntario Sano')) + Edad + C(Genero) + N_Educacional + STAI_Rasgo + BDI",2.0871173709747834,2,23,0.14691322867866782,0.16722194881994953,0.140985901409859,0.15361001999094726,0.0037491252585446187,0.341578215993394,0.07718590151138963,0.49729425479119627,0.7803623302649988,13,13,5,2.599307692307692,2.6783076923076923,2.7846,-0.1877428519032946,-1.2934919746580233,-2.390420164449986,0.6059106898371455,0.05751717680374766,-0.09056613214351547,-0.6239735037358276,-1.5234684058495755,0.6635612745506062,0.1997254052152638,A1,Precúneo,LGI,lh,LGI,DKT,C,B_con_ansiedad,False,0.21907809219078092,False,14
7_precuneus_LGI_rh,31,"Q('7_precuneus_LGI_rh') ~ C(Grupo, Treatment(reference='Voluntario Sano')) + Edad + C(Genero) + N_Educacional + STAI_Rasgo + BDI",0.4061983281279564,2,23,0.6708638181961623,0.7682982400153245,0.669033096690331,0.034116543075578355,8.639426437622038e-05,0.14686222066129326,0.47936269944864196,0.38477469882406234,0.4274004078372004,13,13,5,2.7645384615384616,2.8268461538461533,2.8474,-0.06329098543055595,-0.358059785821678,-1.8004473012939965,1.068429664071111,0.585290121723376,-0.07426220091263874,-0.42012788349774133,-1.6434742440758234,0.8966528157712224,0.38322329619755463,A1,Precúneo,LGI,rh,LGI,DKT,C,B_con_ansiedad,False,0.669033096690331,False,14
8_isthmuscingulate_thickness_lh,31,"Q('8_isthmuscingulate_thickness_lh') ~ C(Grupo, Treatment(reference='Voluntario Sano')) + Edad + C(Genero) + N_Educacional + STAI_Rasgo + BDI",2.6675988372432737,2,23,0.09080678013706739,0.10423749817349887,0.09059094090590941,0.1882887049448906,0.0036881132740569167,0.4375719787630638,0.09308539491719088,0.7076396241563743,0.8703831209513834,13,13,5,2.3696153846153845,2.2842307692307693,2.4232,0.05385996520949582,0.4816595259365916,-1.1761133902471685,2.111666743991221,0.4641085942333198,0.12036445878404724,1.076396687818828,-0.5882350673005059,2.0454026267443344,0.03236671224281896,A1,Istmo del cíngulo,thickness,lh,thickness,DKT,C,B_con_ansiedad,False,0.39371062893710634,False,14
8_isthmuscingulate_thickness_rh,31,"Q('8_isthmuscingulate_thickness_rh') ~ C(Grupo, Treatment(reference='Voluntario Sano')) + Edad + C(Genero) + N_Educacional + STAI_Rasgo + BDI",5.255861171763725,2,23,0.013185830834391423,0.1081651713688686,0.0131986801319868,0.31367299584820396,0.011136491092838674,0.5474745302620376,0.043873851173916845,0.6061957511215865,0.3202707760116501,13,13,5,2.269923076923077,2.232076923076923,2.4898,-0.17814412865572837,-1.5487834779643572,-2.8714581725698656,1.051400984901568,0.02521220905286129,0.04270699977057979,0.3712942780501493,-0.678128892569737,1.1890677637909786,0.44009763509309874,A1,Istmo del cíngulo,thickness,rh,thickness,DKT,C,B_con_ansiedad,False,0.1847815218478152,False,14
8_isthmuscingulate_area_lh,31,"Q('8_isthmuscingulate_area_lh') ~ C(Grupo, Treatment(reference='Voluntario Sano')) + Edad + C(Genero) + N_Educacional + STAI_Rasgo + BDI + eTIV",2.1057942156662346,2,22,0.14562057698569789,0.39655041115585904,0.14338566143385661,0.16067658174802085,0.0017799774817015674,0.4251789444275634,0.30918549252167865,0.2278571496638776,0.49760016288655484,13,13,5,1003.1538461538462,1048.923076923077,935.2,86.27329071378028,0.8428670473415564,-1.0075383111744538,2.884743416703271,0.20616853469923177,-37.630100909087034,-0.36763605261832066,-1.564686246185495,1.316593351702428,0.44600278227168344,A1,Istmo del cíngulo,area,lh,area,DKT,C,B_con_ansiedad,True,0.28677132286771323,False,14
8_isthmuscingulate_area_rh,31,"Q('8_isthmuscingulate_area_rh') ~ C(Grupo, Treatment(reference='Voluntario Sano')) + Edad + C(Genero) + N_Educacional + STAI_Rasgo + BDI + eTIV",6.424531979068084,2,22,0.006346688694258578,0.03326872688473978,0.0047995200479952005,0.36870614297048615,0.10065150754469014,0.5887281913968659,0.07737286767323943,0.691569501996192,0.710580646319249,13,13,5,956.6153846153846,939.6153846153846,824.6,146.02321656932816,2.15207267501944,-0.07526740398246201,3.19258908210965,0.0030667577620542962,13.01516989181934,0.19181601489802733,-1.3778324908569781,1.3291267568023393,0.689468284301408,A1,Istmo del cíngulo,area,rh,area,DKT,C,B_con_ansiedad,True,0.06719328067193281,False,14
8_isthmuscingulate_volume_lh,31,"Q('8_isthmuscingulate_volume_lh') ~ C(Grupo, Treatment(reference='Voluntario Sano')) + Edad + C(Genero) + N_Educacional + STAI_Rasgo + BDI + eTIV",1.5236520196846925,2,22,0.24003724090966147,0.25064191518627355,0.24087591240875914,0.12166195749369388,0.0031282634405654887,0.3432471294205301,0.6513005173428319,0.062489253458884585,0.8436200655063125,13,13,5,2500.6923076923076,2536.769230769231,2360.4,321.55421911118026,1.0776825434715904,-0.6181248768735176,2.767023783882157,0.1099811544780114,46.89610112129054,0.15717134632843657,-1.0347683043757139,1.7916483896862225,0.7432093927608893,A1,Istmo del cíngulo,volume,lh,volume,DKT,C,B_con_ansiedad,True,0.6575342465753424,False,16
8_isthmuscingulate_volume_rh,31,"Q('8_isthmuscingulate_volume_rh') ~ C(Grupo, Treatment(reference='Voluntario Sano')) + Edad + C(Genero) + N_Educacional + STAI_Rasgo + BDI + eTIV",1.4983517044272958,2,22,0.24543663011745723,0.3451929108440738,0.2465753424657534,0.1198839446882051,0.0020525029223162346,0.3397432338634142,0.6891909135675023,0.10679228749859315,0.8758022324822554,13,13,5,2320.846153846154,2261.923076923077,2162.6,250.00849655217934,1.1056889659592297,-0.7231957890385474,2.614938814460061,0.10155405688763464,60.923733571504215,0.26944164260030584,-0.9676471262297912,1.2960034416087778,0.5752903810606678,A1,Istmo del cíngulo,volume,rh,volume,DKT,C,B_con_ansiedad,True,0.6575342465753424,False,16
8_isthmuscingulate_LGI_lh,31,"Q('8_isthmuscingulate_LGI_lh') ~ C(Grupo, Treatment(reference='Voluntario Sano')) + Edad + C(Genero) + N_Educacional + STAI_Rasgo + BDI",2.3388691701677407,2,23,0.11895103425144132,0.10030159237613759,0.1202879712028797,0.16900724628639519,0.0066424020816504385,0.39648400796585676,0.07934141438100965,0.5210258467035829,0.25314962324481777,13,13,5,2.473307692307692,2.5883846153846153,2.5789999999999997,-0.12335793253506255,-0.8661780352906157,-2.8071244579011863,0.6891453791976863,0.19369847827746933,-0.14341855753055294,-1.007037016859205,-1.8884073863444393,0.25571315846191234,0.04401451657441062,A1,Istmo del cíngulo,LGI,lh,LGI,DKT,C,B_con_ansiedad,False,0.2105039496050395,False,14
8_isthmuscingulate_LGI_rh,31,"Q('8_isthmuscingulate_LGI_rh') ~ C(Grupo, Treatment(reference='Voluntario Sano')) + Edad + C(Genero) + N_Educacional + STAI_Rasgo + BDI",1.4278172440574795,2,23,0.2603066829036009,0.4175021576691446,0.25517448255174485,0.11044534565290233,0.0019205993324250704,0.36279303758921916,0.3693374744938056,0.27311187233973944,0.9008437829552168,13,13,5,2.624846153846154,2.7112307692307693,2.6285999999999996,0.00846723525714943,0.05706664052550238,-2.344066469231311,1.7334449847376487,0.9304742930174335,-0.1011701018492869,-0.6818563154114368,-1.8094341796609585,0.44429218919311986,0.16256595250458558,A1,Istmo del cíngulo,LGI,rh,LGI,DKT,C,B_con_ansiedad,False,0.27480328890187905,False,14
