variable,roi,hemi,medida,outcome,n,rho,p,ic_low,ic_high,covariables,rho_MPPP,n_MPPP,rho_Vestibular,n_Vestibular,familia_fdr,etapa,p_fdr,sobrevive_fdr,n_familia,grupos_mismo_signo,grupos_validos,coherente
1_comp_thickness_lh,Ínsula posterior,lh,thickness,Niigata,31,-0.3086694457707158,0.11000652756191326,-0.6114961189625503,0.05806157259982186,Edad+Genero+Grupo,-0.30313501437769297,14,-0.30977320934607344,17,thickness_Niigata,B,0.1600094946355102,False,32,2,2,True
1_comp_thickness_lh,Ínsula posterior,lh,thickness,DHI,30,-0.37714734935101485,0.05246674137130686,-0.6846708771945863,0.05080118280864493,Edad+Genero+Grupo,-0.23412551931882922,13,-0.5446181393229654,17,thickness_DHI,B,0.08394678619409097,False,32,2,2,True
1_comp_thickness_rh,Ínsula posterior,rh,thickness,Niigata,31,-0.35185549277910305,0.06633156617968122,-0.6774656010513296,0.08519560107809016,Edad+Genero+Grupo,-0.3211876232616705,14,-0.311533651334478,17,thickness_Niigata,B,0.10673339102829553,False,32,2,2,True
1_comp_thickness_rh,Ínsula posterior,rh,thickness,DHI,30,-0.4161042804734619,0.030864340332237977,-0.7414142308047373,0.0017006536770713579,Edad+Genero+Grupo,-0.33775785852247264,13,-0.422253548289581,17,thickness_DHI,B,0.0536547931687839,False,32,2,2,True
1_comp_area_lh,Ínsula posterior,lh,area,Niigata,31,0.005385840067296401,0.9787297085697452,-0.4019542705211595,0.4495707621793059,Edad+Genero+Grupo+eTIV,-0.535156595684879,14,0.15705402785307668,17,area_Niigata,B,0.9787297085697452,False,32,1,2,False
1_comp_area_lh,Ínsula posterior,lh,area,DHI,30,-0.07213215277049606,0.7262104344387492,-0.4507355755868489,0.39012914869439497,Edad+Genero+Grupo+eTIV,-0.28815100014429806,13,0.0576823341799465,17,area_DHI,B,0.9548585268453689,False,32,1,2,False
1_comp_area_rh,Ínsula posterior,rh,area,Niigata,31,-0.02725620690054779,0.8926509885530466,-0.4002443003849883,0.477989451948662,Edad+Genero+Grupo+eTIV,-0.2547979549185319,14,-0.054482617191044545,17,area_Niigata,B,0.9521610544565831,False,32,2,2,True
1_comp_area_rh,Ínsula posterior,rh,area,DHI,30,-0.026126164171254487,0.899187900071948,-0.4263457649317421,0.5034059851678956,Edad+Genero+Grupo+eTIV,-0.5150657110898649,13,0.14864723056470056,17,area_DHI,B,0.9548585268453689,False,32,1,2,False
1_comp_volume_lh,Ínsula posterior,lh,volume,Niigata,31,-0.1114797119889717,0.5798622690548876,-0.47094412793972157,0.37651599129636926,Edad+Genero+Grupo+eTIV,-0.28941315040367166,14,-0.07459183765527366,17,volume_Niigata,B,0.845222968452887,False,86,2,2,True
1_comp_volume_lh,Ínsula posterior,lh,volume,DHI,30,-0.3148879125325516,0.11715776884043166,-0.6184250547403106,0.1872863094729564,Edad+Genero+Grupo+eTIV,-0.3323775368509802,13,-0.20008675732470543,17,volume_DHI,B,0.7655335340193865,False,86,2,2,True
1_comp_volume_rh,Ínsula posterior,rh,volume,Niigata,31,-0.17327348890999136,0.3874139508226571,-0.4930761395551014,0.3162357467131436,Edad+Genero+Grupo+eTIV,-0.30445132031225386,14,-0.25725804633407817,17,volume_Niigata,B,0.7557393418841607,False,86,2,2,True
1_comp_volume_rh,Ínsula posterior,rh,volume,DHI,30,-0.26210673919623545,0.19583415986542446,-0.6081872243983736,0.31260657061682995,Edad+Genero+Grupo+eTIV,-0.6015616306329037,13,-0.1670616126500951,17,volume_DHI,B,0.7655335340193865,False,86,2,2,True
1_comp_LGI_lh,Ínsula posterior,lh,LGI,Niigata,31,0.09217074914327927,0.6408715220452534,-0.305140172198712,0.47705557663660875,Edad+Genero+Grupo,0.0740777172115382,14,-0.007761300087330039,17,LGI_Niigata,B,0.9703936934456393,False,32,1,2,False
1_comp_LGI_lh,Ínsula posterior,lh,LGI,DHI,30,0.23804510855728306,0.23182488760478603,-0.16078818384592652,0.5676998488914109,Edad+Genero+Grupo,0.21505739205420465,13,0.24799210671876376,17,LGI_DHI,B,0.9159612902733524,False,32,2,2,True
1_comp_LGI_rh,Ínsula posterior,rh,LGI,Niigata,31,0.20354933405552247,0.298850314963296,-0.17607571967119676,0.5523693484054535,Edad+Genero+Grupo,-0.014414059730275888,14,0.3531368716775523,17,LGI_Niigata,B,0.9703936934456393,False,32,1,2,False
1_comp_LGI_rh,Ínsula posterior,rh,LGI,DHI,30,0.27357302206799144,0.1673495631465191,-0.1290929217534748,0.5960560802977913,Edad+Genero+Grupo,0.10221010937768964,13,0.4165996366127554,17,LGI_DHI,B,0.9159612902733524,False,32,2,2,True
2_supramarginal_thickness_lh,Giro supramarginal,lh,thickness,Niigata,31,-0.395421129880228,0.037276778521959535,-0.6578469624675475,-0.06721438299041141,Edad+Genero+Grupo,-0.4565692655250658,14,-0.3282909324213947,17,thickness_Niigata,B,0.08225438227820141,False,32,2,2,True
2_supramarginal_thickness_lh,Giro supramarginal,lh,thickness,DHI,30,-0.4586585424474782,0.016116433019473544,-0.7412526618246373,-0.05773837899783767,Edad+Genero+Grupo,-0.24754660300755343,13,-0.5161011863606523,17,thickness_DHI,B,0.03967121974024257,True,32,2,2,True
2_supramarginal_thickness_rh,Giro supramarginal,rh,thickness,Niigata,31,-0.7023917506460544,3.090997167648908e-05,-0.8644679286658268,-0.51275346585549,Edad+Genero+Grupo,-0.7134554009340583,14,-0.705917971331591,17,thickness_Niigata,B,0.0009891190936476505,True,32,2,2,True
2_supramarginal_thickness_rh,Giro supramarginal,rh,thickness,DHI,30,-0.6859397670606132,7.832689826456591e-05,-0.8502350331957899,-0.3726821023116388,Edad+Genero+Grupo,-0.37888398020822467,13,-0.8025004731831126,17,thickness_DHI,B,0.0011693660953319084,True,32,2,2,True
2_supramarginal_area_lh,Giro supramarginal,lh,area,Niigata,31,0.24292177224002712,0.22211601888522667,-0.1710188553278767,0.6032052270702329,Edad+Genero+Grupo+eTIV,0.18390334736628142,14,0.3001511710121198,17,area_Niigata,B,0.7795840341248568,False,32,2,2,True
2_supramarginal_area_lh,Giro supramarginal,lh,area,DHI,30,0.09465011809137683,0.6455723708654195,-0.38347334366759345,0.5176087200475994,Edad+Genero+Grupo+eTIV,0.13673337336010916,13,0.2096179337191861,17,area_DHI,B,0.9548585268453689,False,32,2,2,True
2_supramarginal_area_rh,Giro supramarginal,rh,area,Niigata,31,-0.11219450846656573,0.5774194624172237,-0.6018446847395309,0.30106938781281584,Edad+Genero+Grupo+eTIV,0.4096447722962994,14,-0.2600956557325096,17,area_Niigata,B,0.7829512159691047,False,32,1,2,False
2_supramarginal_area_rh,Giro supramarginal,rh,area,DHI,30,-0.12445886175488984,0.5446676265486041,-0.5551579941132474,0.30779707442849824,Edad+Genero+Grupo+eTIV,0.19943784546451365,13,-0.08135633359449598,17,area_DHI,B,0.9548585268453689,False,32,1,2,False
2_supramarginal_volume_lh,Giro supramarginal,lh,volume,Niigata,31,0.10475439364254328,0.6030651569118143,-0.2875528191696169,0.5459588147888407,Edad+Genero+Grupo+eTIV,-0.21196228361736583,14,0.03795008699310701,17,volume_Niigata,B,0.8643933915736004,False,86,1,2,False
2_supramarginal_volume_lh,Giro supramarginal,lh,volume,DHI,30,-0.14114800847491604,0.49159408758842316,-0.5490238653605248,0.374380497702052,Edad+Genero+Grupo+eTIV,-0.21160254365255188,13,-0.1766066041108352,17,volume_DHI,B,0.813275934663149,False,86,2,2,True
2_supramarginal_volume_rh,Giro supramarginal,rh,volume,Niigata,31,-0.3334402601046555,0.08919576180556595,-0.7648734487144853,0.09432107797568089,Edad+Genero+Grupo+eTIV,-0.061148223234024614,14,-0.4291936597868916,17,volume_Niigata,B,0.3950027415269783,False,86,2,2,True
2_supramarginal_volume_rh,Giro supramarginal,rh,volume,DHI,30,-0.3794470496188884,0.055895127995387046,-0.7241571526783761,-0.01572573676621376,Edad+Genero+Grupo+eTIV,-0.19227189979575068,13,-0.35856859098910243,17,volume_DHI,B,0.5554060348702979,False,86,2,2,True
2_supramarginal_LGI_lh,Giro supramarginal,lh,LGI,Niigata,31,-0.006400553205067293,0.9742131553772617,-0.36485105389705846,0.3893863012792747,Edad+Genero+Grupo,0.1361116361076055,14,-0.1222229901700348,17,LGI_Niigata,B,0.9845462157919936,False,32,1,2,False
2_supramarginal_LGI_lh,Giro supramarginal,lh,LGI,DHI,30,0.04914847887767762,0.8076603130802398,-0.33772468466361294,0.45106258913853925,Edad+Genero+Grupo,-0.11654279467652548,13,0.15641983672134774,17,LGI_DHI,B,0.9438893244114561,False,32,1,2,False
2_supramarginal_LGI_rh,Giro supramarginal,rh,LGI,Niigata,31,-0.08883113724017878,0.6530637603136474,-0.4028060242009556,0.26168171804894075,Edad+Genero+Grupo,0.15269072588430538,14,-0.12601263917999903,17,LGI_Niigata,B,0.9703936934456393,False,32,1,2,False
2_supramarginal_LGI_rh,Giro supramarginal,rh,LGI,DHI,30,-0.18276429489810211,0.36153055130282585,-0.5029298576519314,0.2051079694099213,Edad+Genero+Grupo,-0.12198826762459782,13,-0.18943167469444236,17,LGI_DHI,B,0.9159612902733524,False,32,2,2,True
3_superiortemporal_thickness_lh,Temporal superior,lh,thickness,Niigata,31,-0.3574806969554741,0.06181491387775855,-0.6587415415612592,0.023059326323417433,Edad+Genero+Grupo,-0.35892861171886303,14,-0.4426952068741361,17,thickness_Niigata,B,0.10673339102829553,False,32,2,2,True
3_superiortemporal_thickness_lh,Temporal superior,lh,thickness,DHI,30,-0.41389392997145313,0.03185753344396544,-0.6948465531168166,0.022598863029632443,Edad+Genero+Grupo,-0.35718826258415465,13,-0.5542082679061614,17,thickness_DHI,B,0.0536547931687839,False,32,2,2,True
3_superiortemporal_thickness_rh,Temporal superior,rh,thickness,Niigata,31,-0.5702999932299623,0.0015316972648931357,-0.790996471824273,-0.29485251981689675,Edad+Genero+Grupo,-0.6915255320922157,14,-0.5159329760506801,17,thickness_Niigata,B,0.016338104158860115,True,32,2,2,True
3_superiortemporal_thickness_rh,Temporal superior,rh,thickness,DHI,30,-0.6517664139998989,0.00023045473101608393,-0.8120858566702991,-0.3911130647797524,Edad+Genero+Grupo,-0.5866053348828729,13,-0.7296009795583249,17,thickness_DHI,B,0.0018436378481286714,True,32,2,2,True
3_superiortemporal_area_lh,Temporal superior,lh,area,Niigata,31,0.18110652449413422,0.3659766358898711,-0.2752653166109876,0.5209262591235064,Edad+Genero+Grupo+eTIV,0.03799508147049953,14,0.2529674182591216,17,area_Niigata,B,0.7795840341248568,False,32,2,2,True
3_superiortemporal_area_lh,Temporal superior,lh,area,DHI,30,0.11775061848013998,0.5667240730058705,-0.36300117667378373,0.5534536478213213,Edad+Genero+Grupo+eTIV,0.08926551197232079,13,0.2615875139292148,17,area_DHI,B,0.9548585268453689,False,32,2,2,True
3_superiortemporal_area_rh,Temporal superior,rh,area,Niigata,31,-0.05837737441991896,0.7724047478914731,-0.4173745888017159,0.2857869288900523,Edad+Genero+Grupo+eTIV,-0.03583330058451405,14,-0.17860700242295852,17,area_Niigata,B,0.8827482833045407,False,32,2,2,True
3_superiortemporal_area_rh,Temporal superior,rh,area,DHI,30,-0.22773097979073156,0.26319299359451315,-0.5227872148869762,0.2009106716067606,Edad+Genero+Grupo+eTIV,-0.2342803634165763,13,-0.2636368810297383,17,area_DHI,B,0.9548585268453689,False,32,2,2,True
3_superiortemporal_volume_lh,Temporal superior,lh,volume,Niigata,31,-0.0490480245728924,0.8080462200574475,-0.35879618487669446,0.32887260024774473,Edad+Genero+Grupo+eTIV,-0.06285114622048292,14,-0.04556879223407658,17,volume_Niigata,B,0.9390807422289256,False,86,2,2,True
3_superiortemporal_volume_lh,Temporal superior,lh,volume,DHI,30,-0.20187871387711254,0.3226684711367864,-0.5394412773448769,0.2537403205804323,Edad+Genero+Grupo+eTIV,-0.28828396799065487,13,-0.07926730146049721,17,volume_DHI,B,0.7894953587240725,False,86,2,2,True
3_superiortemporal_volume_rh,Temporal superior,rh,volume,Niigata,31,-0.31641642316540447,0.10784070661494294,-0.6300809778851992,0.033268803256818774,Edad+Genero+Grupo+eTIV,-0.3445910346818253,14,-0.3514569458477557,17,volume_Niigata,B,0.3950027415269783,False,86,2,2,True
3_superiortemporal_volume_rh,Temporal superior,rh,volume,DHI,30,-0.5512069458960889,0.003516243391779335,-0.7618856169040029,-0.16792161299719843,Edad+Genero+Grupo+eTIV,-0.5375028140326384,13,-0.5950361310157852,17,volume_DHI,B,0.1916146371132887,False,86,2,2,True
3_superiortemporal_LGI_lh,Temporal superior,lh,LGI,Niigata,31,0.05195616238775074,0.7928828963247992,-0.2935608017251008,0.5004836138932925,Edad+Genero+Grupo,-0.2599480305458787,14,0.062062392091632564,17,LGI_Niigata,B,0.9703936934456393,False,32,1,2,False
3_superiortemporal_LGI_lh,Temporal superior,lh,LGI,DHI,30,-0.050328907525227576,0.8031288717973336,-0.43374308896936137,0.43860138144307204,Edad+Genero+Grupo,-0.1729170652515231,13,-0.057070145443302425,17,LGI_DHI,B,0.9438893244114561,False,32,2,2,True
3_superiortemporal_LGI_rh,Temporal superior,rh,LGI,Niigata,31,0.17219415115843992,0.3809241648536404,-0.17606597351837044,0.5380224697159194,Edad+Genero+Grupo,0.03317744188817403,14,0.16744013538072444,17,LGI_Niigata,B,0.9703936934456393,False,32,2,2,True
3_superiortemporal_LGI_rh,Temporal superior,rh,LGI,DHI,30,0.025897750734891346,0.8979731027438153,-0.45770186336941815,0.4653380610009303,Edad+Genero+Grupo,0.299740613764194,13,0.025318189127285014,17,LGI_DHI,B,0.9497671272988658,False,32,2,2,True
4_Hippocampus_volume_lh,Hipocampo,lh,volume,Niigata,31,-0.3779945437623147,0.05189605659950708,-0.688127167220912,0.04023282427499691,Edad+Genero+Grupo+eTIV,-0.44833897565194886,14,-0.4494805995031281,17,volume_Niigata,B,0.3950027415269783,False,86,2,2,True
4_Hippocampus_volume_lh,Hipocampo,lh,volume,DHI,30,-0.18638488942793827,0.36194556014007717,-0.5611854098484931,0.2396151437695514,Edad+Genero+Grupo+eTIV,-0.10286580664762794,13,-0.2824028909409972,17,volume_DHI,B,0.813275934663149,False,86,2,2,True
4_Hippocampus_volume_rh,Hipocampo,rh,volume,Niigata,31,-0.3374890871148629,0.08514402926402775,-0.6801287700751104,0.129743850584976,Edad+Genero+Grupo+eTIV,-0.2743394962491077,14,-0.43655474474054007,17,volume_Niigata,B,0.3950027415269783,False,86,2,2,True
4_Hippocampus_volume_rh,Hipocampo,rh,volume,DHI,30,-0.23888144592183416,0.2398881859302004,-0.609141834335636,0.18717252883331276,Edad+Genero+Grupo+eTIV,-0.13163063587810708,13,-0.3647097246428452,17,volume_DHI,B,0.7894953587240725,False,86,2,2,True
5_parahippocampal_thickness_lh,Corteza parahipocampal,lh,thickness,Niigata,31,-0.13056573812584038,0.5078214384824404,-0.520953020188439,0.34412324367585734,Edad+Genero+Grupo,0.03434852568659469,14,-0.22297243015328722,17,thickness_Niigata,B,0.6018624456088183,False,32,1,2,False
5_parahippocampal_thickness_lh,Corteza parahipocampal,lh,thickness,DHI,30,0.0011955275202210867,0.9952780055187378,-0.42131625640971365,0.4368986003850679,Edad+Genero+Grupo,0.11075683844864176,13,-0.22728159365154763,17,thickness_DHI,B,0.9952780055187378,False,32,1,2,False
5_parahippocampal_thickness_rh,Corteza parahipocampal,rh,thickness,Niigata,31,-0.35139978772638947,0.06670836939268471,-0.7015011255843057,0.0493682945402644,Edad+Genero+Grupo,-0.4032868509460777,14,-0.09315931113194255,17,thickness_Niigata,B,0.10673339102829553,False,32,2,2,True
5_parahippocampal_thickness_rh,Corteza parahipocampal,rh,thickness,DHI,30,-0.06973864765628829,0.7296081018913356,-0.454736722906162,0.2995590837263727,Edad+Genero+Grupo,0.051113181408675386,13,-0.10792826224499012,17,thickness_DHI,B,0.7782486420174247,False,32,1,2,False
5_parahippocampal_area_lh,Corteza parahipocampal,lh,area,Niigata,31,-0.030823508727277744,0.8786972906436341,-0.4786787611959331,0.3898334385787705,Edad+Genero+Grupo+eTIV,-0.08021363148836033,14,-0.014511322482487462,17,area_Niigata,B,0.9521610544565831,False,32,2,2,True
5_parahippocampal_area_lh,Corteza parahipocampal,lh,area,DHI,30,-0.019147479551958897,0.9260307641983402,-0.42804036585635696,0.359624405398564,Edad+Genero+Grupo+eTIV,0.14835546415404982,13,-0.10095087113049765,17,area_DHI,B,0.9548585268453689,False,32,1,2,False
5_parahippocampal_area_rh,Corteza parahipocampal,rh,area,Niigata,31,0.10033765759367913,0.6185129289228006,-0.3990977178666458,0.5256560333484371,Edad+Genero+Grupo+eTIV,-0.4132673078099417,14,0.06452603735147605,17,area_Niigata,B,0.7829512159691047,False,32,1,2,False
5_parahippocampal_area_rh,Corteza parahipocampal,rh,area,DHI,30,0.13161569195553752,0.5215860719451966,-0.30996760191711625,0.4724659797925045,Edad+Genero+Grupo+eTIV,-0.31690159114007493,13,0.1806096060903589,17,area_DHI,B,0.9548585268453689,False,32,1,2,False
5_parahippocampal_volume_lh,Corteza parahipocampal,lh,volume,Niigata,31,-0.3952096905522115,0.04131932727916773,-0.7012389711084339,0.016807330210886016,Edad+Genero+Grupo+eTIV,-0.37954535641495557,14,-0.38969767780920966,17,volume_Niigata,B,0.3950027415269783,False,86,2,2,True
5_parahippocampal_volume_lh,Corteza parahipocampal,lh,volume,DHI,30,-0.04380798344068253,0.8317220817345305,-0.41462956499372877,0.3821975217248602,Edad+Genero+Grupo+eTIV,0.02714075175649343,13,-0.266231338723888,17,volume_DHI,B,0.9170269106303799,False,86,1,2,False
5_parahippocampal_volume_rh,Corteza parahipocampal,rh,volume,Niigata,31,-0.26946875534793485,0.17406889146297141,-0.6861386140051262,0.19417832435222385,Edad+Genero+Grupo+eTIV,-0.564413951259048,14,-0.18399174303661867,17,volume_Niigata,B,0.5162042988212255,False,86,2,2,True
5_parahippocampal_volume_rh,Corteza parahipocampal,rh,volume,DHI,30,0.0388985913110167,0.8503586096525169,-0.4250273929967965,0.4064766743146758,Edad+Genero+Grupo+eTIV,-0.09081604536946372,13,0.12607903410283114,17,volume_DHI,B,0.9256551398896076,False,86,1,2,False
5_parahippocampal_LGI_lh,Corteza parahipocampal,lh,LGI,Niigata,31,-0.027150716702371746,0.8909178222824434,-0.4283853156235503,0.38054579244516734,Edad+Genero+Grupo,-0.4425799838295035,14,0.07653740565233622,17,LGI_Niigata,B,0.9845462157919936,False,32,1,2,False
5_parahippocampal_LGI_lh,Corteza parahipocampal,lh,LGI,DHI,30,-0.17792267697858993,0.3746048770684456,-0.5507998709742827,0.27709646219880185,Edad+Genero+Grupo,-0.7268101332060853,13,0.11204510832465449,17,LGI_DHI,B,0.9159612902733524,False,32,1,2,False
5_parahippocampal_LGI_rh,Corteza parahipocampal,rh,LGI,Niigata,31,-0.13642733311731373,0.4887868040447447,-0.54312309881291,0.32905033206450796,Edad+Genero+Grupo,-0.45930755855250865,14,-0.10684210582578912,17,LGI_Niigata,B,0.9703936934456393,False,32,2,2,True
5_parahippocampal_LGI_rh,Corteza parahipocampal,rh,LGI,DHI,30,0.04261495361363537,0.8328471663700061,-0.3766737186220233,0.48451871180905826,Edad+Genero+Grupo,0.005190327555275107,13,0.09844497269399925,17,LGI_DHI,B,0.9438893244114561,False,32,2,2,True
6_entorhinal_thickness_lh,Corteza entorrinal,lh,thickness,Niigata,31,-0.01892402708804633,0.9238546145692965,-0.41189420838140883,0.3734438336491671,Edad+Genero+Grupo,-0.10482890358057806,14,0.00947597748865468,17,thickness_Niigata,B,0.9536563763295964,False,32,1,2,False
6_entorhinal_thickness_lh,Corteza entorrinal,lh,thickness,DHI,30,-0.13479299708400108,0.5026460269313766,-0.5425024606839627,0.3001209331841731,Edad+Genero+Grupo,-0.030878767440577673,13,-0.07993025151662286,17,thickness_DHI,B,0.5546438917863467,False,32,2,2,True
6_entorhinal_thickness_rh,Corteza entorrinal,rh,thickness,Niigata,31,0.04331249547149388,0.8267735874520183,-0.40189527813388704,0.539846549263157,Edad+Genero+Grupo,-0.6458445096365403,14,0.3340075372336004,17,thickness_Niigata,B,0.8818918266154863,False,32,1,2,False
6_entorhinal_thickness_rh,Corteza entorrinal,rh,thickness,DHI,30,-0.13491581837779754,0.5022532197256797,-0.5358113285042188,0.3637131795329214,Edad+Genero+Grupo,-0.5755521451791484,13,0.005729297103334086,17,thickness_DHI,B,0.5546438917863467,False,32,1,2,False
6_entorhinal_area_lh,Corteza entorrinal,lh,area,Niigata,31,-0.43343798669555295,0.023910118242902106,-0.7449748290473057,-0.06857344645918921,Edad+Genero+Grupo+eTIV,0.32054449017626524,14,-0.45216935265563846,17,area_Niigata,B,0.7651237837728674,False,32,1,2,False
6_entorhinal_area_lh,Corteza entorrinal,lh,area,DHI,30,0.02704267257627365,0.8956700138277875,-0.42554683358807616,0.475761105660311,Edad+Genero+Grupo+eTIV,0.708646717373052,13,-0.1657856441221378,17,area_DHI,B,0.9548585268453689,False,32,1,2,False
6_entorhinal_area_rh,Corteza entorrinal,rh,area,Niigata,31,-0.019033303712008908,0.9249277168519734,-0.3871934909772062,0.3431337723842862,Edad+Genero+Grupo+eTIV,0.1306402497105067,14,0.1526692895837968,17,area_Niigata,B,0.9547640948149403,False,32,0,2,False
6_entorhinal_area_rh,Corteza entorrinal,rh,area,DHI,30,0.18754539308119839,0.3589103561200809,-0.21367217593712073,0.5778173623318801,Edad+Genero+Grupo+eTIV,0.5072991000865674,13,0.051325582969266016,17,area_DHI,B,0.9548585268453689,False,32,2,2,True
6_entorhinal_volume_lh,Corteza entorrinal,lh,volume,Niigata,31,-0.4014426304891543,0.03794281261858551,-0.6965594310440115,-0.026080366836479067,Edad+Genero+Grupo+eTIV,0.21083838539613042,14,-0.314924332807012,17,volume_Niigata,B,0.3950027415269783,False,86,1,2,False
6_entorhinal_volume_lh,Corteza entorrinal,lh,volume,DHI,30,-0.125943319798751,0.5398413460549351,-0.5486950263237019,0.3249999686946469,Edad+Genero+Grupo+eTIV,0.49792622885818605,13,-0.1041485057676349,17,volume_DHI,B,0.813275934663149,False,86,1,2,False
6_entorhinal_volume_rh,Corteza entorrinal,rh,volume,Niigata,31,-0.01319024098877996,0.947936732128676,-0.441428062533199,0.39156785759254154,Edad+Genero+Grupo+eTIV,-0.12261443488235363,14,0.11043997461190487,17,volume_Niigata,B,0.970506654322216,False,86,1,2,False
6_entorhinal_volume_rh,Corteza entorrinal,rh,volume,DHI,30,0.08054257003845776,0.6957037263198969,-0.3499960917869855,0.5059207415549584,Edad+Genero+Grupo+eTIV,0.13892418716699997,13,-0.016131965283999277,17,volume_DHI,B,0.8743662337665051,False,86,1,2,False
6_entorhinal_LGI_lh,Corteza entorrinal,lh,LGI,Niigata,31,-0.045346271943883666,0.8187696788447582,-0.3854937260372836,0.39243692380054496,Edad+Genero+Grupo,-0.09256029930305029,14,-0.10433381649909823,17,LGI_Niigata,B,0.9703936934456393,False,32,2,2,True
6_entorhinal_LGI_lh,Corteza entorrinal,lh,LGI,DHI,30,-0.11041022548880358,0.5835256907969697,-0.49482150427018845,0.31533146554423275,Edad+Genero+Grupo,-0.2155277523750435,13,0.05131143793274132,17,LGI_DHI,B,0.9159612902733524,False,32,1,2,False
6_entorhinal_LGI_rh,Corteza entorrinal,rh,LGI,Niigata,31,0.059153283343948586,0.7649394313584545,-0.33125110022755916,0.4393265387287004,Edad+Genero+Grupo,0.15945369502643575,14,-0.1791918084259721,17,LGI_Niigata,B,0.9703936934456393,False,32,1,2,False
6_entorhinal_LGI_rh,Corteza entorrinal,rh,LGI,DHI,30,0.1785920000254518,0.3727812843274377,-0.220903519101899,0.5236642945490033,Edad+Genero+Grupo,0.440552195064327,13,0.03577737492093517,17,LGI_DHI,B,0.9159612902733524,False,32,2,2,True
7_precuneus_thickness_lh,Precúneo,lh,thickness,Niigata,31,-0.4059550275947758,0.03207733063119256,-0.6800396025271129,-0.04851893650761315,Edad+Genero+Grupo,-0.7049051540720669,14,-0.34948129661845684,17,thickness_Niigata,B,0.08225438227820141,False,32,2,2,True
7_precuneus_thickness_lh,Precúneo,lh,thickness,DHI,30,-0.43418074090432257,0.023643348491505588,-0.721297994188745,-0.05998488864796755,Edad+Genero+Grupo,-0.3227642045770382,13,-0.5234352422107122,17,thickness_DHI,B,0.05105339627726459,False,32,2,2,True
7_precuneus_thickness_rh,Precúneo,rh,thickness,Niigata,31,-0.45330804499899724,0.015409567298674442,-0.7001077996115457,-0.07887448212134945,Edad+Genero+Grupo,-0.7372661336785158,14,-0.34670130598717896,17,thickness_Niigata,B,0.06163826919469777,False,32,2,2,True
7_precuneus_thickness_rh,Precúneo,rh,thickness,DHI,30,-0.5121050712495627,0.006318562766284882,-0.7589646690451156,-0.17156268175904477,Edad+Genero+Grupo,-0.31726748919474673,13,-0.5749558812976794,17,thickness_DHI,B,0.025274251065139527,True,32,2,2,True
7_precuneus_area_lh,Precúneo,lh,area,Niigata,31,-0.1396466089819893,0.48724002132803546,-0.4784035783706175,0.2547583583082725,Edad+Genero+Grupo+eTIV,-0.31685091483511124,14,-0.09934870124173804,17,area_Niigata,B,0.7795840341248568,False,32,2,2,True
7_precuneus_area_lh,Precúneo,lh,area,DHI,30,-0.21209042956389124,0.29826597988151904,-0.5594544480632431,0.30582470114438204,Edad+Genero+Grupo+eTIV,-0.34213115905724867,13,-0.1706607030034969,17,area_DHI,B,0.9548585268453689,False,32,2,2,True
7_precuneus_area_rh,Precúneo,rh,area,Niigata,31,-0.20779013605216753,0.2983281863992682,-0.5926904632502721,0.20660257762702322,Edad+Genero+Grupo+eTIV,-0.3752821462962912,14,-0.22284861408608905,17,area_Niigata,B,0.7795840341248568,False,32,2,2,True
7_precuneus_area_rh,Precúneo,rh,area,DHI,30,-0.06167721067623487,0.7647026478438582,-0.4927877576080173,0.38378650683977594,Edad+Genero+Grupo+eTIV,-0.07024016124712856,13,0.18195542549135463,17,area_DHI,B,0.9548585268453689,False,32,1,2,False
7_precuneus_volume_lh,Precúneo,lh,volume,Niigata,31,-0.32799499984391983,0.0948725762275164,-0.6322548861647923,0.0379545748853331,Edad+Genero+Grupo+eTIV,-0.7919582845488581,14,-0.2721273469935505,17,volume_Niigata,B,0.3950027415269783,False,86,2,2,True
7_precuneus_volume_lh,Precúneo,lh,volume,DHI,30,-0.3945275370296016,0.046096426772628964,-0.6728145004250536,0.027317160040235815,Edad+Genero+Grupo+eTIV,-0.4629374896744424,13,-0.3458711327205513,17,volume_DHI,B,0.5554060348702979,False,86,2,2,True
7_precuneus_volume_rh,Precúneo,rh,volume,Niigata,31,-0.3635871710067123,0.062288069026101775,-0.7014063268366619,0.0009094238131902941,Edad+Genero+Grupo+eTIV,-0.5062724193691356,14,-0.38521425014094246,17,volume_Niigata,B,0.3950027415269783,False,86,2,2,True
7_precuneus_volume_rh,Precúneo,rh,volume,DHI,30,-0.3075558592615573,0.1264065955367697,-0.6662688630775774,0.07945683459502738,Edad+Genero+Grupo+eTIV,-0.012300018854581124,13,-0.3529589663163174,17,volume_DHI,B,0.7655335340193865,False,86,2,2,True
7_precuneus_LGI_lh,Precúneo,lh,LGI,Niigata,31,-0.16240793079368698,0.40897216476878945,-0.5271983399385277,0.31828911519096215,Edad+Genero+Grupo,0.07503826821619516,14,-0.24296261121381385,17,LGI_Niigata,B,0.9703936934456393,False,32,1,2,False
7_precuneus_LGI_lh,Precúneo,lh,LGI,DHI,30,-0.19681685713441666,0.32513189875538556,-0.5647726694546694,0.2804373668369138,Edad+Genero+Grupo,-0.4463971265915809,13,-0.05539304277842575,17,LGI_DHI,B,0.9159612902733524,False,32,2,2,True
7_precuneus_LGI_rh,Precúneo,rh,LGI,Niigata,31,-0.0071668417931512836,0.971127097085344,-0.4012433169263133,0.371092167644729,Edad+Genero+Grupo,0.2786049559551524,14,-0.14590928831714792,17,LGI_Niigata,B,0.9845462157919936,False,32,1,2,False
7_precuneus_LGI_rh,Precúneo,rh,LGI,DHI,30,-0.01012239054245398,0.9600349088212451,-0.3706019616296081,0.3443953439887106,Edad+Genero+Grupo,0.04877771971004789,13,-0.02540942636545949,17,LGI_DHI,B,0.9600349088212451,False,32,1,2,False
8_isthmuscingulate_thickness_lh,Istmo del cíngulo,lh,thickness,Niigata,31,-0.16943565774866823,0.3887152761089225,-0.5364782680517165,0.25890620854834756,Edad+Genero+Grupo,-0.047499158194908464,14,-0.17885378485682063,17,thickness_Niigata,B,0.4784188013648277,False,32,2,2,True
8_isthmuscingulate_thickness_lh,Istmo del cíngulo,lh,thickness,DHI,30,-0.1628379583336545,0.4170608541843999,-0.5568943269694119,0.2532824149355666,Edad+Genero+Grupo,-0.05748874007786915,13,-0.30042578731680625,17,thickness_DHI,B,0.49806733522610597,False,32,2,2,True
8_isthmuscingulate_thickness_rh,Istmo del cíngulo,rh,thickness,Niigata,31,-0.20063820766412566,0.30596236986538283,-0.5623555111018476,0.21369506773649244,Edad+Genero+Grupo,0.0507409392277586,14,-0.12810964372594866,17,thickness_Niigata,B,0.39163183342769003,False,32,1,2,False
8_isthmuscingulate_thickness_rh,Istmo del cíngulo,rh,thickness,DHI,30,-0.3367587589308024,0.08586436144297926,-0.6306173036017658,0.021221241384578808,Edad+Genero+Grupo,-0.24997222346114195,13,-0.29260406935690825,17,thickness_DHI,B,0.11946345939892768,False,32,2,2,True
8_isthmuscingulate_area_lh,Istmo del cíngulo,lh,area,Niigata,31,0.1585174860580301,0.42969251790322527,-0.33302283197262494,0.547809071253554,Edad+Genero+Grupo+eTIV,0.605816099109271,14,-0.01682764648155238,17,area_Niigata,B,0.7795840341248568,False,32,1,2,False
8_isthmuscingulate_area_lh,Istmo del cíngulo,lh,area,DHI,30,0.04670481095570663,0.8207661827627959,-0.37749521280344245,0.4659107339594659,Edad+Genero+Grupo+eTIV,0.2953890655851318,13,-0.0602600375907821,17,area_DHI,B,0.9548585268453689,False,32,1,2,False
8_isthmuscingulate_area_rh,Istmo del cíngulo,rh,area,Niigata,31,0.1524168307826283,0.4478786297405939,-0.25601610074682246,0.5222959342186752,Edad+Genero+Grupo+eTIV,0.13626972210402655,14,0.3085907924836952,17,area_Niigata,B,0.7795840341248568,False,32,2,2,True
8_isthmuscingulate_area_rh,Istmo del cíngulo,rh,area,DHI,30,-0.06509887235590568,0.7520400729284167,-0.4959191579559548,0.39326661561814263,Edad+Genero+Grupo+eTIV,-0.16033760087535784,13,0.05159749045485857,17,area_DHI,B,0.9548585268453689,False,32,1,2,False
8_isthmuscingulate_volume_lh,Istmo del cíngulo,lh,volume,Niigata,31,0.031898531882798155,0.8744990129632799,-0.36162156846067406,0.4351983068595753,Edad+Genero+Grupo+eTIV,0.46398828707033735,14,-0.07461090903152107,17,volume_Niigata,B,0.9400864389355259,False,86,1,2,False
8_isthmuscingulate_volume_lh,Istmo del cíngulo,lh,volume,DHI,30,-0.021961774687857226,0.9151947185747005,-0.4401949777986179,0.4080714970772728,Edad+Genero+Grupo+eTIV,0.29026223625587233,13,-0.13234398616560786,17,volume_DHI,B,0.9598383633832224,False,86,1,2,False
8_isthmuscingulate_volume_rh,Istmo del cíngulo,rh,volume,Niigata,31,-0.07250807447849114,0.7192893558920032,-0.4659658414410711,0.3381602406082976,Edad+Genero+Grupo+eTIV,-0.03587045896097764,14,0.10976013506755972,17,volume_Niigata,B,0.9181909840212382,False,86,1,2,False
8_isthmuscingulate_volume_rh,Istmo del cíngulo,rh,volume,DHI,30,-0.2716526417214659,0.17945174953425458,-0.6017486764121478,0.15137882392137633,Edad+Genero+Grupo+eTIV,-0.38529543027108054,13,-0.25722927113615224,17,volume_DHI,B,0.7655335340193865,False,86,2,2,True
8_isthmuscingulate_LGI_lh,Istmo del cíngulo,lh,LGI,Niigata,31,-0.2737237367948103,0.15869923991366675,-0.5659308901621409,0.10360907573728051,Edad+Genero+Grupo,-0.25255695960903096,14,-0.33615863387526546,17,LGI_Niigata,B,0.8589746913190814,False,32,2,2,True
8_isthmuscingulate_LGI_lh,Istmo del cíngulo,lh,LGI,DHI,30,-0.29511847166674876,0.1350622679350721,-0.6337507866443065,0.1382814237943985,Edad+Genero+Grupo,-0.5498005104951756,13,-0.07850630956908541,17,LGI_DHI,B,0.9159612902733524,False,32,2,2,True
8_isthmuscingulate_LGI_rh,Istmo del cíngulo,rh,LGI,Niigata,31,-0.24073497517870796,0.2171958811876374,-0.5480198122142131,0.12704254370986331,Edad+Genero+Grupo,-0.164777434782671,14,-0.17702998251839808,17,LGI_Niigata,B,0.8687835247505497,False,32,2,2,True
8_isthmuscingulate_LGI_rh,Istmo del cíngulo,rh,LGI,DHI,30,-0.2662540460544925,0.17946227541915122,-0.601799213829713,0.1630522289188618,Edad+Genero+Grupo,-0.7037053133980758,13,0.0793719054061747,17,LGI_DHI,B,0.9159612902733524,False,32,1,2,False
9_superiorparietal_thickness_lh,Parietal superior,lh,thickness,Niigata,31,-0.29692231819234766,0.124937906133227,-0.6039283974271445,0.09494303685784361,Edad+Genero+Grupo,-0.7331842996195893,14,-0.1352547203146534,17,thickness_Niigata,B,0.16658387484430268,False,32,2,2,True
9_superiorparietal_thickness_lh,Parietal superior,lh,thickness,DHI,30,-0.28999635846272465,0.1422924788539693,-0.6313758004019248,0.1468545369210701,Edad+Genero+Grupo,-0.3623148788344965,13,-0.30588368078520306,17,thickness_DHI,B,0.18972330513862576,False,32,2,2,True
9_superiorparietal_thickness_rh,Parietal superior,rh,thickness,Niigata,31,-0.48377137835713907,0.00910031409731759,-0.7413939913390594,-0.1176923448360791,Edad+Genero+Grupo,-0.2831214173369483,14,-0.590785416552425,17,thickness_Niigata,B,0.04380851548734433,True,32,2,2,True
9_superiorparietal_thickness_rh,Parietal superior,rh,thickness,DHI,30,-0.4721271119684847,0.012901112063399429,-0.7097420501359767,-0.03738062577135754,Edad+Genero+Grupo,-0.1609386447304516,13,-0.7150375740788762,17,thickness_DHI,B,0.03440296550239848,True,32,2,2,True
9_superiorparietal_area_lh,Parietal superior,lh,area,Niigata,31,0.14511815241233522,0.4701642380983821,-0.2750338438318099,0.5635469077296162,Edad+Genero+Grupo+eTIV,-0.2593249761486975,14,0.3400002254445738,17,area_Niigata,B,0.7795840341248568,False,32,1,2,False
9_superiorparietal_area_lh,Parietal superior,lh,area,DHI,30,0.2228873175525392,0.27375661335517826,-0.29568804039020025,0.617340582443723,Edad+Genero+Grupo+eTIV,-0.5851625036612461,13,0.5317182866721234,17,area_DHI,B,0.9548585268453689,False,32,1,2,False
9_superiorparietal_area_rh,Parietal superior,rh,area,Niigata,31,-0.15946756257758735,0.42689706401890726,-0.7282815004070772,0.3747882125790672,Edad+Genero+Grupo+eTIV,-0.1554321042676236,14,0.001371541733146678,17,area_Niigata,B,0.7795840341248568,False,32,1,2,False
9_superiorparietal_area_rh,Parietal superior,rh,area,DHI,30,0.09817374174047613,0.6332726515897187,-0.40011101700377794,0.5436313745529012,Edad+Genero+Grupo+eTIV,0.3119111943979672,13,0.12079930950356661,17,area_DHI,B,0.9548585268453689,False,32,2,2,True
9_superiorparietal_volume_lh,Parietal superior,lh,volume,Niigata,31,0.12059985481689504,0.5490419282961536,-0.28818396981466293,0.5638245260127736,Edad+Genero+Grupo+eTIV,-0.3826928599110277,14,0.3338585895225313,17,volume_Niigata,B,0.8149209058030429,False,86,1,2,False
9_superiorparietal_volume_lh,Parietal superior,lh,volume,DHI,30,0.07343774366444547,0.7214466271937153,-0.39351675071259373,0.5225161665073182,Edad+Genero+Grupo+eTIV,-0.697809346593717,13,0.4652786078647014,17,volume_DHI,B,0.8743662337665051,False,86,1,2,False
9_superiorparietal_volume_rh,Parietal superior,rh,volume,Niigata,31,-0.2314235993607959,0.2454539417446682,-0.7351133244105844,0.30140224961837486,Edad+Genero+Grupo+eTIV,-0.3541387422796958,14,-0.09781968509197861,17,volume_Niigata,B,0.5863621941678184,False,86,2,2,True
9_superiorparietal_volume_rh,Parietal superior,rh,volume,DHI,30,-0.10555001173749227,0.6078327300126356,-0.5656847841108638,0.35969722730270626,Edad+Genero+Grupo+eTIV,0.032008653545912646,13,-0.03734815177922983,17,volume_DHI,B,0.8391526665030219,False,86,1,2,False
9_superiorparietal_LGI_lh,Parietal superior,lh,LGI,Niigata,31,0.0935672444720443,0.6357998864321409,-0.3211135141150466,0.474757986379108,Edad+Genero+Grupo,0.41304553106330205,14,-0.1264539881519656,17,LGI_Niigata,B,0.9703936934456393,False,32,1,2,False
9_superiorparietal_LGI_lh,Parietal superior,lh,LGI,DHI,30,0.09716078522930617,0.6297233870629297,-0.2537453373939307,0.4905118723661691,Edad+Genero+Grupo,-0.07720753978481465,13,0.14477268491547143,17,LGI_DHI,B,0.9159612902733524,False,32,1,2,False
9_superiorparietal_LGI_rh,Parietal superior,rh,LGI,Niigata,31,0.27224129242447637,0.16105775462232777,-0.15565973501523725,0.5912078593172924,Edad+Genero+Grupo,0.4053882264933518,14,0.17684042078819534,17,LGI_Niigata,B,0.8589746913190814,False,32,2,2,True
9_superiorparietal_LGI_rh,Parietal superior,rh,LGI,DHI,30,0.3344213732522894,0.08820082946834212,-0.04993563861751121,0.6553839760919492,Edad+Genero+Grupo,0.2761437299121948,13,0.4265224561517928,17,LGI_DHI,B,0.9159612902733524,False,32,2,2,True
10_inferiorparietal_thickness_lh,Parietal inferior,lh,thickness,Niigata,31,-0.3912202795375779,0.03952966689943852,-0.6682803578305079,-0.03403362396943921,Edad+Genero+Grupo,-0.44909037673529345,14,-0.38384325743000514,17,thickness_Niigata,B,0.08225438227820141,False,32,2,2,True
10_inferiorparietal_thickness_lh,Parietal inferior,lh,thickness,DHI,30,-0.5647141046622376,0.0021494910173190957,-0.7968955320776598,-0.2345182126884653,Edad+Genero+Grupo,-0.25123410761171544,13,-0.6396594764551244,17,thickness_DHI,B,0.01146395209236851,True,32,2,2,True
10_inferiorparietal_thickness_rh,Parietal inferior,rh,thickness,Niigata,31,-0.4943707102079378,0.007492555539899971,-0.7634473693299526,-0.13969414894876422,Edad+Genero+Grupo,-0.5406573991759099,14,-0.5629729019140806,17,thickness_Niigata,B,0.04380851548734433,True,32,2,2,True
10_inferiorparietal_thickness_rh,Parietal inferior,rh,thickness,DHI,30,-0.43337935751159234,0.023931279504967776,-0.7064032784260641,-0.06386019813821896,Edad+Genero+Grupo,0.149016572196566,13,-0.704130814414703,17,thickness_DHI,B,0.05105339627726459,False,32,1,2,False
10_inferiorparietal_area_lh,Parietal inferior,lh,area,Niigata,31,0.23816526658713338,0.23158232406847554,-0.2011536744611987,0.590489424442303,Edad+Genero+Grupo+eTIV,0.24036403105839382,14,0.2423413290622269,17,area_Niigata,B,0.7795840341248568,False,32,2,2,True
10_inferiorparietal_area_lh,Parietal inferior,lh,area,DHI,30,0.07778430330925676,0.705660628523175,-0.41155384906216474,0.4894821844575,Edad+Genero+Grupo+eTIV,-0.11629335149732295,13,0.25505253800521627,17,area_DHI,B,0.9548585268453689,False,32,1,2,False
10_inferiorparietal_area_rh,Parietal inferior,rh,area,Niigata,31,0.2759686146019387,0.1635132151854577,-0.16598186086206645,0.6788449294645307,Edad+Genero+Grupo+eTIV,0.04299147996619281,14,0.48519812454109024,17,area_Niigata,B,0.7795840341248568,False,32,2,2,True
10_inferiorparietal_area_rh,Parietal inferior,rh,area,DHI,30,0.41273488239737927,0.03612694546507966,-0.03357462360191828,0.736189351731203,Edad+Genero+Grupo+eTIV,0.35673881670839747,13,0.5068241460431953,17,area_DHI,B,0.9548585268453689,False,32,2,2,True
10_inferiorparietal_volume_lh,Parietal inferior,lh,volume,Niigata,31,0.03757088190072475,0.852404274432435,-0.4667816674928859,0.45005137826032887,Edad+Genero+Grupo+eTIV,-0.09849686088117718,14,0.08762170164303451,17,volume_Niigata,B,0.9400864389355259,False,86,1,2,False
10_inferiorparietal_volume_lh,Parietal inferior,lh,volume,DHI,30,-0.19127972768484727,0.34924559470976313,-0.6472589914105604,0.315975645293156,Edad+Genero+Grupo+eTIV,-0.5033500313476977,13,-0.026491438456374562,17,volume_DHI,B,0.811760030947017,False,86,2,2,True
10_inferiorparietal_volume_rh,Parietal inferior,rh,volume,Niigata,31,-0.12043332433667217,0.5495978201927498,-0.5590858165308219,0.3394308906031181,Edad+Genero+Grupo+eTIV,-0.07311410540535476,14,-0.06301587371846488,17,volume_Niigata,B,0.8149209058030429,False,86,2,2,True
10_inferiorparietal_volume_rh,Parietal inferior,rh,volume,DHI,30,0.06777094245282458,0.742194593778545,-0.4197973385064948,0.459257442848641,Edad+Genero+Grupo+eTIV,0.4349786177379049,13,-0.17801873993566708,17,volume_DHI,B,0.8743662337665051,False,86,1,2,False
10_inferiorparietal_LGI_lh,Parietal inferior,lh,LGI,Niigata,31,0.17914996907540204,0.3616831410845779,-0.28634421622191863,0.596700926166436,Edad+Genero+Grupo,0.36918481587585184,14,0.09509016090205023,17,LGI_Niigata,B,0.9703936934456393,False,32,2,2,True
10_inferiorparietal_LGI_lh,Parietal inferior,lh,LGI,DHI,30,0.22953498682948006,0.24943592616952487,-0.17243893672267976,0.6318296452512082,Edad+Genero+Grupo,-0.053149077126098794,13,0.3255066818669529,17,LGI_DHI,B,0.9159612902733524,False,32,1,2,False
10_inferiorparietal_LGI_rh,Parietal inferior,rh,LGI,Niigata,31,0.3695541897633682,0.05293062670514054,-0.017331521052772428,0.6740454627043742,Edad+Genero+Grupo,0.10434942168067517,14,0.37076349650513163,17,LGI_Niigata,B,0.7631047818231887,False,32,2,2,True
10_inferiorparietal_LGI_rh,Parietal inferior,rh,LGI,DHI,30,0.34267518360618626,0.08016005307893967,-0.0666321454833962,0.6687098267052796,Edad+Genero+Grupo,-0.16872836530461416,13,0.49969227921232223,17,LGI_DHI,B,0.9159612902733524,False,32,1,2,False
11_lateraloccipital_thickness_lh,Occipital lateral,lh,thickness,Niigata,31,-0.39708338827740297,0.03641422174770117,-0.7151924114283982,-0.07086493086429214,Edad+Genero+Grupo,-0.7906680319702605,14,-0.11724906470246853,17,thickness_Niigata,B,0.08225438227820141,False,32,2,2,True
11_lateraloccipital_thickness_lh,Occipital lateral,lh,thickness,DHI,30,-0.35129394748806336,0.07237307615152538,-0.6926522237314019,-0.017301611185100756,Edad+Genero+Grupo,-0.3223411657668658,13,-0.23212752903422765,17,thickness_DHI,B,0.1055849348093029,False,32,2,2,True
11_lateraloccipital_thickness_rh,Occipital lateral,rh,thickness,Niigata,31,-0.4808970229398485,0.009583112762856573,-0.7718499694176543,-0.15967116054986166,Edad+Genero+Grupo,-0.805707885920321,14,-0.2666938948476706,17,thickness_Niigata,B,0.04380851548734433,True,32,2,2,True
11_lateraloccipital_thickness_rh,Occipital lateral,rh,thickness,DHI,30,-0.5876653511333557,0.001267565026365909,-0.8181197741146851,-0.2204627264069609,Edad+Genero+Grupo,-0.4674352935925131,13,-0.5946195996393032,17,thickness_DHI,B,0.008112416168741818,True,32,2,2,True
11_lateraloccipital_area_lh,Occipital lateral,lh,area,Niigata,31,0.21611268212067072,0.27895221568087536,-0.2221497145800033,0.5884011950153868,Edad+Genero+Grupo+eTIV,0.4954709487123584,14,0.04713629304034003,17,area_Niigata,B,0.7795840341248568,False,32,2,2,True
11_lateraloccipital_area_lh,Occipital lateral,lh,area,DHI,30,0.05738937715687138,0.7806538180911454,-0.3854408917243315,0.451735686801263,Edad+Genero+Grupo+eTIV,0.6122105554875974,13,-0.15666730844786617,17,area_DHI,B,0.9548585268453689,False,32,1,2,False
11_lateraloccipital_area_rh,Occipital lateral,rh,area,Niigata,31,0.14963769614930314,0.45629720813931024,-0.3012163675022503,0.5757148790584564,Edad+Genero+Grupo+eTIV,0.31602246876052575,14,0.13365593966279413,17,area_Niigata,B,0.7795840341248568,False,32,2,2,True
11_lateraloccipital_area_rh,Occipital lateral,rh,area,DHI,30,-0.12215895818096811,0.5521844612275784,-0.5107563944314686,0.3078946364372119,Edad+Genero+Grupo+eTIV,0.19805490752483784,13,-0.13258303700975357,17,area_DHI,B,0.9548585268453689,False,32,1,2,False
11_lateraloccipital_volume_lh,Occipital lateral,lh,volume,Niigata,31,0.06634015965390357,0.7423336108718174,-0.33225575676497243,0.43873590090335296,Edad+Genero+Grupo+eTIV,0.1843061980754614,14,0.021583996186932443,17,volume_Niigata,B,0.9252273990576275,False,86,2,2,True
11_lateraloccipital_volume_lh,Occipital lateral,lh,volume,DHI,30,-0.2380578562866322,0.2415613265651527,-0.6046984426502813,0.21413540502695255,Edad+Genero+Grupo+eTIV,0.3218400751639924,13,-0.2830762974091275,17,volume_DHI,B,0.7894953587240725,False,86,1,2,False
11_lateraloccipital_volume_rh,Occipital lateral,rh,volume,Niigata,31,-0.02098725177750764,0.9172456247786065,-0.447944528141632,0.4441847813657847,Edad+Genero+Grupo+eTIV,0.06443765319686014,14,-0.047506828919962926,17,volume_Niigata,B,0.961989313792197,False,86,1,2,False
11_lateraloccipital_volume_rh,Occipital lateral,rh,volume,DHI,30,-0.3763095682391186,0.05812388737014747,-0.6843338194372526,0.08023307430754947,Edad+Genero+Grupo+eTIV,-0.1794042497684046,13,-0.41194471267286176,17,volume_DHI,B,0.5554060348702979,False,86,2,2,True
11_lateraloccipital_LGI_lh,Occipital lateral,lh,LGI,Niigata,31,0.02452649545621759,0.9014076606485294,-0.39009542464343067,0.5034118392456255,Edad+Genero+Grupo,0.47279526578489334,14,-0.3170616051676578,17,LGI_Niigata,B,0.9845462157919936,False,32,1,2,False
11_lateraloccipital_LGI_lh,Occipital lateral,lh,LGI,DHI,30,0.1101349467021709,0.5844702664988587,-0.3000164837998614,0.5213159999237758,Edad+Genero+Grupo,0.4834417776803756,13,-0.13401311166809987,17,LGI_DHI,B,0.9159612902733524,False,32,1,2,False
11_lateraloccipital_LGI_rh,Occipital lateral,rh,LGI,Niigata,31,0.3688949156952632,0.05338825396877603,0.019128270621912125,0.6848256775567104,Edad+Genero+Grupo,0.5376089187843923,14,0.29317325417303175,17,LGI_Niigata,B,0.7631047818231887,False,32,2,2,True
11_lateraloccipital_LGI_rh,Occipital lateral,rh,LGI,DHI,30,0.11776183523694879,0.5585508662208672,-0.24729747880991212,0.5351460342003619,Edad+Genero+Grupo,0.2199714566175563,13,0.13966423600940345,17,LGI_DHI,B,0.9159612902733524,False,32,2,2,True
12_cuneus_thickness_lh,Cuneus,lh,thickness,Niigata,31,0.010779160996005796,0.9565854803223526,-0.4554231580298067,0.3911031475980376,Edad+Genero+Grupo,-0.30924341868188615,14,0.2026082769380935,17,thickness_Niigata,B,0.9565854803223526,False,32,1,2,False
12_cuneus_thickness_lh,Cuneus,lh,thickness,DHI,30,-0.16174239544490812,0.4202443140970269,-0.5589558915051311,0.3060080929977323,Edad+Genero+Grupo,-0.007179333496193885,13,-0.0921886453661233,17,thickness_DHI,B,0.49806733522610597,False,32,2,2,True
12_cuneus_thickness_rh,Cuneus,rh,thickness,Niigata,31,-0.07014902923925835,0.7228086011794603,-0.48151287678309596,0.3552501575150282,Edad+Genero+Grupo,-0.5341831233526971,14,0.2180789848404637,17,thickness_Niigata,B,0.7975819047497493,False,32,1,2,False
12_cuneus_thickness_rh,Cuneus,rh,thickness,DHI,30,-0.20428265637418833,0.3067404848176926,-0.5644895453879547,0.27931998058375834,Edad+Genero+Grupo,-0.4969264926649444,13,-0.018424209507745253,17,thickness_DHI,B,0.3926278205666465,False,32,2,2,True
12_cuneus_area_lh,Cuneus,lh,area,Niigata,31,0.17735040941148,0.3761681354057035,-0.3329150075325749,0.5398872547979395,Edad+Genero+Grupo+eTIV,0.6311533960915089,14,-0.08551261347903548,17,area_Niigata,B,0.7795840341248568,False,32,1,2,False
12_cuneus_area_lh,Cuneus,lh,area,DHI,30,0.022848200986015674,0.9117846217313594,-0.4102500025043426,0.4449237882647787,Edad+Genero+Grupo+eTIV,0.47829525279001855,13,-0.05185458593170309,17,area_DHI,B,0.9548585268453689,False,32,1,2,False
12_cuneus_area_rh,Cuneus,rh,area,Niigata,31,0.17833577132566428,0.37347877727851814,-0.28914614681630135,0.5518161840245076,Edad+Genero+Grupo+eTIV,0.5056028858853534,14,-0.11974741272560264,17,area_Niigata,B,0.7795840341248568,False,32,1,2,False
12_cuneus_area_rh,Cuneus,rh,area,DHI,30,-0.057617265315261186,0.779803811916312,-0.46042996039061906,0.40536754118311813,Edad+Genero+Grupo+eTIV,0.4970971749569146,13,-0.29830524155987187,17,area_DHI,B,0.9548585268453689,False,32,1,2,False
12_cuneus_volume_lh,Cuneus,lh,volume,Niigata,31,0.17551310991438465,0.38121254758840867,-0.26503636984723516,0.5380260066360936,Edad+Genero+Grupo+eTIV,0.35500066232574395,14,0.062035600477181055,17,volume_Niigata,B,0.7557393418841607,False,86,2,2,True
12_cuneus_volume_lh,Cuneus,lh,volume,DHI,30,-0.06985111441130361,0.734557167846441,-0.49543429962567914,0.37179094175081795,Edad+Genero+Grupo+eTIV,0.2636795105621776,13,-0.07812289658648626,17,volume_DHI,B,0.8743662337665051,False,86,1,2,False
12_cuneus_volume_rh,Cuneus,rh,volume,Niigata,31,0.19331382765493307,0.33398840382372447,-0.22563889319413186,0.5921115763036681,Edad+Genero+Grupo+eTIV,0.4872285444964737,14,0.08302126652853538,17,volume_Niigata,B,0.7209571230573076,False,86,2,2,True
12_cuneus_volume_rh,Cuneus,rh,volume,DHI,30,-0.1631616769320481,0.4257960475235827,-0.5254488952929115,0.3389387679785171,Edad+Genero+Grupo+eTIV,0.13875961724023603,13,-0.2663004275350113,17,volume_DHI,B,0.813275934663149,False,86,1,2,False
12_cuneus_LGI_lh,Cuneus,lh,LGI,Niigata,31,-0.1543087550075382,0.43303361720375616,-0.5342109287277423,0.26765746540330304,Edad+Genero+Grupo,0.051732747047231326,14,-0.31104504082602014,17,LGI_Niigata,B,0.9703936934456393,False,32,1,2,False
12_cuneus_LGI_lh,Cuneus,lh,LGI,DHI,30,-0.14162252657662133,0.4810375201166498,-0.46861671891850887,0.24583395233906194,Edad+Genero+Grupo,-0.4074379732591912,13,-0.03974258263073398,17,LGI_DHI,B,0.9159612902733524,False,32,2,2,True
12_cuneus_LGI_rh,Cuneus,rh,LGI,Niigata,31,-0.09397908147630987,0.6343072729818802,-0.4670485184516265,0.2879825424365637,Edad+Genero+Grupo,0.10469452412560705,14,-0.29083906278411686,17,LGI_Niigata,B,0.9703936934456393,False,32,1,2,False
12_cuneus_LGI_rh,Cuneus,rh,LGI,DHI,30,-0.10046899719678594,0.6180512278036021,-0.4602901391381037,0.28446708561412515,Edad+Genero+Grupo,-0.1845799745209244,13,-0.14736291761447742,17,LGI_DHI,B,0.9159612902733524,False,32,2,2,True
13_middletemporal_thickness_lh,Temporal medio,lh,thickness,Niigata,31,-0.37143716311626157,0.051640545238216255,-0.6657969880354315,0.01926442308257783,Edad+Genero+Grupo,-0.6622423521769205,14,-0.2969880061745923,17,thickness_Niigata,B,0.09720573221311295,False,32,2,2,True
13_middletemporal_thickness_lh,Temporal medio,lh,thickness,DHI,30,-0.4890184981863439,0.009638778771242786,-0.7443154656854627,-0.14516287077801715,Edad+Genero+Grupo,-0.379570387171417,13,-0.5387852637638874,17,thickness_DHI,B,0.030858220518161568,True,32,2,2,True
13_middletemporal_thickness_rh,Temporal medio,rh,thickness,Niigata,31,-0.4431645731005096,0.018181625856742156,-0.7560408894774301,-0.0838646646466388,Edad+Genero+Grupo,-0.4774145672162032,14,-0.3671141699211193,17,thickness_Niigata,B,0.06464578082397211,False,32,2,2,True
13_middletemporal_thickness_rh,Temporal medio,rh,thickness,DHI,30,-0.4889925992151697,0.00964319391192549,-0.7705471912521256,-0.15450508160486234,Edad+Genero+Grupo,-0.014468242504912498,13,-0.5667148031170525,17,thickness_DHI,B,0.030858220518161568,True,32,2,2,True
13_middletemporal_area_lh,Temporal medio,lh,area,Niigata,31,0.08426041227303514,0.676051753958501,-0.2847714552906917,0.503105764193576,Edad+Genero+Grupo+eTIV,-0.02802135840963675,14,-0.06679745972961768,17,area_Niigata,B,0.8012465232100753,False,32,0,2,False
13_middletemporal_area_lh,Temporal medio,lh,area,DHI,30,0.15776664270899726,0.4414596765957499,-0.2671779533968368,0.5757333260376303,Edad+Genero+Grupo+eTIV,-0.30448128568058147,13,0.22806681882254282,17,area_DHI,B,0.9548585268453689,False,32,1,2,False
13_middletemporal_area_rh,Temporal medio,rh,area,Niigata,31,0.10160917952056424,0.6140490818166235,-0.3505399639726288,0.5026099196770663,Edad+Genero+Grupo+eTIV,-0.12389948725356786,14,0.06182112822240051,17,area_Niigata,B,0.7829512159691047,False,32,1,2,False
13_middletemporal_area_rh,Temporal medio,rh,area,DHI,30,0.011675343671174686,0.9548585268453689,-0.4145979361093375,0.44271707170858965,Edad+Genero+Grupo+eTIV,-0.3731634928053846,13,0.17779347144763,17,area_DHI,B,0.9548585268453689,False,32,1,2,False
13_middletemporal_volume_lh,Temporal medio,lh,volume,Niigata,31,-0.05626605232855562,0.7804341566416917,-0.38880767086745155,0.3519613215418576,Edad+Genero+Grupo+eTIV,-0.414870438519982,14,-0.1670474991541339,17,volume_Niigata,B,0.932185242655354,False,86,2,2,True
13_middletemporal_volume_lh,Temporal medio,lh,volume,DHI,30,-0.14786661581499197,0.4709889541166733,-0.485311160112756,0.31644943225594757,Edad+Genero+Grupo+eTIV,-0.35870967695355677,13,-0.07879503923066372,17,volume_DHI,B,0.813275934663149,False,86,2,2,True
13_middletemporal_volume_rh,Temporal medio,rh,volume,Niigata,31,-0.07787622598997915,0.6994254461583402,-0.43186308824483094,0.36701025056636705,Edad+Genero+Grupo+eTIV,-0.07079681125850854,14,-0.3369932749726548,17,volume_Niigata,B,0.9181909840212382,False,86,2,2,True
13_middletemporal_volume_rh,Temporal medio,rh,volume,DHI,30,-0.31867838477944443,0.11257608243279404,-0.6309483030919031,0.12464241103357165,Edad+Genero+Grupo+eTIV,-0.38073428053248615,13,-0.38425810498215074,17,volume_DHI,B,0.7655335340193865,False,86,2,2,True
13_middletemporal_LGI_lh,Temporal medio,lh,LGI,Niigata,31,0.05019598699199383,0.7997566362382968,-0.28199173784395143,0.39620704659394546,Edad+Genero+Grupo,-0.24127698721135155,14,0.044906872782669645,17,LGI_Niigata,B,0.9703936934456393,False,32,1,2,False
13_middletemporal_LGI_lh,Temporal medio,lh,LGI,DHI,30,-0.12118066522204547,0.5471051776063574,-0.5767616125843205,0.29491880835298356,Edad+Genero+Grupo,-0.04084805237321384,13,-0.11209818139740581,17,LGI_DHI,B,0.9159612902733524,False,32,2,2,True
13_middletemporal_LGI_rh,Temporal medio,rh,LGI,Niigata,31,0.31622119732664544,0.10113498890510692,-0.024544654555805366,0.6318153168465211,Edad+Genero+Grupo,0.25158729064500096,14,0.33519429635054576,17,LGI_Niigata,B,0.8090799112408553,False,32,2,2,True
13_middletemporal_LGI_rh,Temporal medio,rh,LGI,DHI,30,0.07007605033042787,0.728348453998009,-0.42710311260741796,0.4733847017048797,Edad+Genero+Grupo,0.18975740002309568,13,0.15173282746150737,17,LGI_DHI,B,0.9363698877955275,False,32,2,2,True
14_comp_thickness_lh,Cingulada anterior,lh,thickness,Niigata,31,-0.3883558902996161,0.041127191139100704,-0.645501221953199,-0.07023500228460194,Edad+Genero+Grupo,-0.07287031566892882,14,-0.4902710236757915,17,thickness_Niigata,B,0.08225438227820141,False,32,2,2,True
14_comp_thickness_lh,Cingulada anterior,lh,thickness,DHI,30,-0.5476280603720675,0.003109609856365473,-0.7848813247923756,-0.20219833424875158,Edad+Genero+Grupo,-0.29620105452444984,13,-0.6712225012748262,17,thickness_DHI,B,0.01421535934338502,True,32,2,2,True
14_comp_thickness_rh,Cingulada anterior,rh,thickness,Niigata,31,-0.09242305557792936,0.6399540467190173,-0.48031989337110037,0.31604139664416475,Edad+Genero+Grupo,-0.1665805270844218,14,-0.07336673417238554,17,thickness_Niigata,B,0.7313760533931627,False,32,2,2,True
14_comp_thickness_rh,Cingulada anterior,rh,thickness,DHI,30,0.06306570916512094,0.7546575595669902,-0.34075743116237184,0.41294465339232095,Edad+Genero+Grupo,0.3499172926110112,13,-0.08855632731391354,17,thickness_DHI,B,0.7790013518110867,False,32,1,2,False
14_comp_area_lh,Cingulada anterior,lh,area,Niigata,31,-0.1584643742048046,0.42984908528283294,-0.5104691909856011,0.2732676072451813,Edad+Genero+Grupo+eTIV,-0.22077844408982072,14,-0.04459577156899877,17,area_Niigata,B,0.7795840341248568,False,32,2,2,True
14_comp_area_lh,Cingulada anterior,lh,area,DHI,30,0.0909736951207108,0.6585028444578751,-0.43305419463823663,0.5400019906125589,Edad+Genero+Grupo+eTIV,-0.3458216796587848,13,0.38537698456630204,17,area_DHI,B,0.9548585268453689,False,32,1,2,False
14_comp_area_rh,Cingulada anterior,rh,area,Niigata,31,0.2271172812209843,0.2545949574814831,-0.24716073089300802,0.6244621730069213,Edad+Genero+Grupo+eTIV,0.042016006502005994,14,0.6034991375171338,17,area_Niigata,B,0.7795840341248568,False,32,2,2,True
14_comp_area_rh,Cingulada anterior,rh,area,DHI,30,0.040495399658824066,0.8442878821351727,-0.4020578255571868,0.4183577041383761,Edad+Genero+Grupo+eTIV,-0.325984949846743,13,0.35004091725106173,17,area_DHI,B,0.9548585268453689,False,32,1,2,False
14_comp_volume_lh,Cingulada anterior,lh,volume,Niigata,31,-0.46350406921176085,0.014891139876507984,-0.7735207701264023,-0.07209466094922827,Edad+Genero+Grupo+eTIV,-0.3544068285465211,14,-0.5182596132961413,17,volume_Niigata,B,0.3950027415269783,False,86,2,2,True
14_comp_volume_lh,Cingulada anterior,lh,volume,DHI,30,-0.2942980463741297,0.1444617580736662,-0.670968968524832,0.2137617591537023,Edad+Genero+Grupo+eTIV,-0.4747839443596514,13,-0.12572311790547935,17,volume_DHI,B,0.7655335340193865,False,86,2,2,True
14_comp_volume_rh,Cingulada anterior,rh,volume,Niigata,31,0.169137889289173,0.3990156961589084,-0.28991067682622546,0.5544816111522102,Edad+Genero+Grupo+eTIV,0.061715162200508974,14,0.49716921834981237,17,volume_Niigata,B,0.7557393418841607,False,86,2,2,True
14_comp_volume_rh,Cingulada anterior,rh,volume,DHI,30,0.048193727690072706,0.8151476244409834,-0.3556900519532159,0.3866441972015567,Edad+Genero+Grupo+eTIV,-0.15677568227129174,13,0.1510342705298246,17,volume_DHI,B,0.9104246195055139,False,86,1,2,False
14_comp_LGI_lh,Cingulada anterior,lh,LGI,Niigata,31,-0.34572462154531586,0.07154107329592395,-0.5803412697882182,-0.00028517929970551083,Edad+Genero+Grupo,-0.45307386096556934,14,-0.24975646882794664,17,LGI_Niigata,B,0.7631047818231887,False,32,2,2,True
14_comp_LGI_lh,Cingulada anterior,lh,LGI,DHI,30,-0.16684470948611949,0.40553245237486146,-0.5107280798739343,0.2286587537983858,Edad+Genero+Grupo,-0.18561011694154225,13,-0.09123641396613671,17,LGI_DHI,B,0.9159612902733524,False,32,2,2,True
14_comp_LGI_rh,Cingulada anterior,rh,LGI,Niigata,31,-0.24586152485385618,0.2072628359349739,-0.5302164829602337,0.09575179344907367,Edad+Genero+Grupo,-0.11373887849963933,14,-0.182249730626776,17,LGI_Niigata,B,0.8687835247505497,False,32,2,2,True
14_comp_LGI_rh,Cingulada anterior,rh,LGI,DHI,30,-0.2364264059567139,0.2351090732924393,-0.5743798572764593,0.1867783569758286,Edad+Genero+Grupo,-0.22778059524241423,13,-0.11988280072384946,17,LGI_DHI,B,0.9159612902733524,False,32,2,2,True
15_rostralmiddlefrontal_thickness_lh,Prefrontal dorsolateral,lh,thickness,Niigata,31,-0.42631774625643254,0.02368523677491238,-0.704991796076417,-0.037856594620579394,Edad+Genero+Grupo,-0.6519249419880392,14,-0.22634360959954156,17,thickness_Niigata,B,0.06890250698156329,False,32,2,2,True
15_rostralmiddlefrontal_thickness_lh,Prefrontal dorsolateral,lh,thickness,DHI,30,-0.47798558453497547,0.011679194044349769,-0.7677560595394461,-0.062335467204133604,Edad+Genero+Grupo,-0.7417479311206367,13,-0.36891125125821916,17,thickness_DHI,B,0.0339758372199266,True,32,2,2,True
15_rostralmiddlefrontal_thickness_rh,Prefrontal dorsolateral,rh,thickness,Niigata,31,-0.5144480195103005,0.005097297749238877,-0.738257098705518,-0.13609512238711483,Edad+Genero+Grupo,-0.628162584786909,14,-0.4970834672104185,17,thickness_Niigata,B,0.04077838199391102,True,32,2,2,True
15_rostralmiddlefrontal_thickness_rh,Prefrontal dorsolateral,rh,thickness,DHI,30,-0.6782444277722577,0.00010109511964794958,-0.8295458908579038,-0.39357722193344485,Edad+Genero+Grupo,-0.7681579054615097,13,-0.7639449431230794,17,thickness_DHI,B,0.0011693660953319084,True,32,2,2,True
15_rostralmiddlefrontal_area_lh,Prefrontal dorsolateral,lh,area,Niigata,31,0.19100614826885917,0.33990173450899375,-0.18407989885296336,0.5756110661075907,Edad+Genero+Grupo+eTIV,-0.2212272140341061,14,0.3618906113580644,17,area_Niigata,B,0.7795840341248568,False,32,1,2,False
15_rostralmiddlefrontal_area_lh,Prefrontal dorsolateral,lh,area,DHI,30,0.028921543354013767,0.8884643071485699,-0.40695717683545274,0.3849127970450833,Edad+Genero+Grupo+eTIV,-0.13054367029149158,13,0.3312009962193625,17,area_DHI,B,0.9548585268453689,False,32,1,2,False
15_rostralmiddlefrontal_area_rh,Prefrontal dorsolateral,rh,area,Niigata,31,0.15896505725168444,0.42837436726803935,-0.23885068769659082,0.5557548581116433,Edad+Genero+Grupo+eTIV,-0.5890281645474668,14,0.335342723236894,17,area_Niigata,B,0.7795840341248568,False,32,1,2,False
15_rostralmiddlefrontal_area_rh,Prefrontal dorsolateral,rh,area,DHI,30,0.11007191317877282,0.5924516853339691,-0.3183652979232352,0.4736381060650155,Edad+Genero+Grupo+eTIV,-0.41668702677358355,13,0.4685850515586152,17,area_DHI,B,0.9548585268453689,False,32,1,2,False
15_rostralmiddlefrontal_volume_lh,Prefrontal dorsolateral,lh,volume,Niigata,31,0.08811482452172531,0.6620789720910734,-0.29108692599983416,0.48557775436818285,Edad+Genero+Grupo+eTIV,-0.4027308071053386,14,0.3818360655708907,17,volume_Niigata,B,0.9181909840212382,False,86,1,2,False
15_rostralmiddlefrontal_volume_lh,Prefrontal dorsolateral,lh,volume,DHI,30,-0.10353843312541257,0.6147281161591904,-0.49030468474569017,0.23011216007763416,Edad+Genero+Grupo+eTIV,-0.0980729592121722,13,0.15745548268276321,17,volume_DHI,B,0.8391526665030219,False,86,1,2,False
15_rostralmiddlefrontal_volume_rh,Prefrontal dorsolateral,rh,volume,Niigata,31,0.008265827095297792,0.9673606983790771,-0.39311015813046934,0.48457205695614924,Edad+Genero+Grupo+eTIV,-0.6249414713918281,14,0.13203173236909854,17,volume_Niigata,B,0.9787414124776546,False,86,1,2,False
15_rostralmiddlefrontal_volume_rh,Prefrontal dorsolateral,rh,volume,DHI,30,-0.19870789335068054,0.3304864292333327,-0.5565547791277092,0.23312486120618287,Edad+Genero+Grupo+eTIV,-0.5605581467694353,13,0.022678017951754278,17,volume_DHI,B,0.7894953587240725,False,86,1,2,False
15_rostralmiddlefrontal_LGI_lh,Prefrontal dorsolateral,lh,LGI,Niigata,31,0.003835381265294098,0.9845462157919936,-0.31386796456670746,0.35723932355133714,Edad+Genero+Grupo,0.2215210697517628,14,-0.15413503904123552,17,LGI_Niigata,B,0.9845462157919936,False,32,1,2,False
15_rostralmiddlefrontal_LGI_lh,Prefrontal dorsolateral,lh,LGI,DHI,30,-0.06922180979806267,0.7315389748402559,-0.4224346377155155,0.3372468759327564,Edad+Genero+Grupo,0.19124787601630375,13,-0.09325471018467703,17,LGI_DHI,B,0.9363698877955275,False,32,1,2,False
15_rostralmiddlefrontal_LGI_rh,Prefrontal dorsolateral,rh,LGI,Niigata,31,0.04893191006930693,0.804702092585611,-0.3042145265538389,0.4400365758808118,Edad+Genero+Grupo,-0.19198772184137933,14,0.10110477889072654,17,LGI_Niigata,B,0.9703936934456393,False,32,1,2,False
15_rostralmiddlefrontal_LGI_rh,Prefrontal dorsolateral,rh,LGI,DHI,30,-0.14048021266919108,0.484618368119006,-0.45738931480842315,0.2673569201926898,Edad+Genero+Grupo,-0.5687684771167908,13,0.07243412406663823,17,LGI_DHI,B,0.9159612902733524,False,32,1,2,False
16a_precentral_thickness_lh,Precentral,lh,thickness,Niigata,31,-0.42870391228313387,0.022831891823353337,-0.7216722891266134,-0.029831205462822814,Edad+Genero+Grupo,-0.541132525490783,14,-0.30104048749219353,17,thickness_Niigata,B,0.06890250698156329,False,32,2,2,True
16a_precentral_thickness_lh,Precentral,lh,thickness,DHI,30,-0.4145626101606213,0.03155439668915416,-0.6995912201272357,0.008513763018222879,Edad+Genero+Grupo,-0.12675877501471425,13,-0.5595238557281969,17,thickness_DHI,B,0.0536547931687839,False,32,2,2,True
16a_precentral_thickness_rh,Precentral,rh,thickness,Niigata,31,-0.3027304514548889,0.11738001933407437,-0.633326352110376,0.19867537343213748,Edad+Genero+Grupo,-0.49140018352993886,14,-0.20568160264219443,17,thickness_Niigata,B,0.16331133124740782,False,32,2,2,True
16a_precentral_thickness_rh,Precentral,rh,thickness,DHI,30,-0.3510448610494714,0.07258964268139574,-0.6790369520469725,0.15041616934019353,Edad+Genero+Grupo,-0.14782352948780167,13,-0.4769836667869432,17,thickness_DHI,B,0.1055849348093029,False,32,2,2,True
16a_precentral_area_lh,Precentral,lh,area,Niigata,31,0.09535044608355195,0.6361478629748976,-0.35106836045661266,0.4864014962835783,Edad+Genero+Grupo+eTIV,0.21019158654581174,14,-0.05271202692556746,17,area_Niigata,B,0.7829512159691047,False,32,1,2,False
16a_precentral_area_lh,Precentral,lh,area,DHI,30,0.09324211871294037,0.6505129108923834,-0.3254700196150855,0.4807916350471337,Edad+Genero+Grupo+eTIV,0.1292695749565799,13,0.12811285162398922,17,area_DHI,B,0.9548585268453689,False,32,2,2,True
16a_precentral_area_rh,Precentral,rh,area,Niigata,31,-0.09770078209664529,0.6278121152450395,-0.5473836737224123,0.3806285694566201,Edad+Genero+Grupo+eTIV,0.4124015070750773,14,-0.22610762789612443,17,area_Niigata,B,0.7829512159691047,False,32,1,2,False
16a_precentral_area_rh,Precentral,rh,area,DHI,30,-0.07564464635527364,0.713417167593685,-0.4989135377115375,0.31655596375545964,Edad+Genero+Grupo+eTIV,0.36432663835022,13,-0.10972003733415574,17,area_DHI,B,0.9548585268453689,False,32,1,2,False
16a_precentral_volume_lh,Precentral,lh,volume,Niigata,31,-0.1778467744491496,0.37481200222905053,-0.6710697326570595,0.2956927025436743,Edad+Genero+Grupo+eTIV,0.15173302769099908,14,-0.2880510355406132,17,volume_Niigata,B,0.7557393418841607,False,86,1,2,False
16a_precentral_volume_lh,Precentral,lh,volume,DHI,30,-0.22498865609549937,0.2691409570977003,-0.6632028913810188,0.19331278674125615,Edad+Genero+Grupo+eTIV,-0.11506958040723797,13,-0.31396228718164704,17,volume_DHI,B,0.7894953587240725,False,86,2,2,True
16a_precentral_volume_rh,Precentral,rh,volume,Niigata,31,-0.2516885314300899,0.20535794978614386,-0.7186105879312235,0.19490743471183283,Edad+Genero+Grupo+eTIV,0.4610691199307924,14,-0.34845235628301463,17,volume_Niigata,B,0.5270470679162605,False,86,1,2,False
16a_precentral_volume_rh,Precentral,rh,volume,DHI,30,-0.43151120231849166,0.02772846075907663,-0.7503169995979111,-0.06771009708613668,Edad+Genero+Grupo+eTIV,-0.042294775727694085,13,-0.4960694609186989,17,volume_DHI,B,0.4769295250561181,False,86,2,2,True
16a_precentral_LGI_lh,Precentral,lh,LGI,Niigata,31,0.16268241657268184,0.40817006864497485,-0.16103489608063795,0.4677497863636651,Edad+Genero+Grupo,0.17723820026575657,14,-0.0387046306712819,17,LGI_Niigata,B,0.9703936934456393,False,32,1,2,False
16a_precentral_LGI_lh,Precentral,lh,LGI,DHI,30,0.020264363595262784,0.9200869045707762,-0.3370884971342575,0.3813517661120208,Edad+Genero+Grupo,-0.21734140944964195,13,0.11364962783133477,17,LGI_DHI,B,0.9497671272988658,False,32,1,2,False
16a_precentral_LGI_rh,Precentral,rh,LGI,Niigata,31,-0.04884991160728871,0.8050231519983944,-0.409845788550527,0.3712720331749073,Edad+Genero+Grupo,-0.023296322464515812,14,-0.040823852691804385,17,LGI_Niigata,B,0.9703936934456393,False,32,2,2,True
16a_precentral_LGI_rh,Precentral,rh,LGI,DHI,30,-0.07656156576604828,0.7042728779740983,-0.40752967930931866,0.28609790351600567,Edad+Genero+Grupo,-0.27550690834665637,13,0.1542750541946121,17,LGI_DHI,B,0.9363698877955275,False,32,1,2,False
16b_postcentral_thickness_lh,Postcentral,lh,thickness,Niigata,31,-0.5919118146087772,0.0009067468469625982,-0.8219887384460389,-0.3119707378747764,Edad+Genero+Grupo,-0.4958297721315114,14,-0.6318679746542105,17,thickness_Niigata,B,0.014507949551401571,True,32,2,2,True
16b_postcentral_thickness_lh,Postcentral,lh,thickness,DHI,30,-0.6757528479670986,0.00010962807143736641,-0.8408222673389119,-0.4248621748848286,Edad+Genero+Grupo,-0.7245545328856958,13,-0.7778211271504375,17,thickness_DHI,B,0.0011693660953319084,True,32,2,2,True
16b_postcentral_thickness_rh,Postcentral,rh,thickness,Niigata,31,-0.3431372280404268,0.07383196328840545,-0.6519157545597526,0.11752874247162012,Edad+Genero+Grupo,-0.5012854305330386,14,-0.5438372588217288,17,thickness_Niigata,B,0.11250584882042736,False,32,2,2,True
16b_postcentral_thickness_rh,Postcentral,rh,thickness,DHI,30,-0.42403589140155307,0.027503702097848505,-0.6913712113623088,0.06284659318111023,Edad+Genero+Grupo,-0.9092446905211706,13,-0.4141967631500159,17,thickness_DHI,B,0.0536547931687839,False,32,2,2,True
16b_postcentral_area_lh,Postcentral,lh,area,Niigata,31,-0.12365063145506539,0.5389045470106297,-0.5412868524528875,0.30178114078287693,Edad+Genero+Grupo+eTIV,-0.239311409781598,14,-0.10210260449512606,17,area_Niigata,B,0.7829512159691047,False,32,2,2,True
16b_postcentral_area_lh,Postcentral,lh,area,DHI,30,-0.18033096003177046,0.37802172596447964,-0.5587828687302888,0.23956692848479808,Edad+Genero+Grupo+eTIV,-0.2664996406025021,13,-0.06314867381236268,17,area_DHI,B,0.9548585268453689,False,32,2,2,True
16b_postcentral_area_rh,Postcentral,rh,area,Niigata,31,-0.16867484979524985,0.40032677130765676,-0.5663862101686519,0.26764272670351985,Edad+Genero+Grupo+eTIV,0.05147246810215001,14,-0.44723926351662785,17,area_Niigata,B,0.7795840341248568,False,32,1,2,False
16b_postcentral_area_rh,Postcentral,rh,area,DHI,30,-0.08260742030176228,0.6882818470739045,-0.4816080609409214,0.329381223186251,Edad+Genero+Grupo+eTIV,-0.05709076076459106,13,-0.026379181097583006,17,area_DHI,B,0.9548585268453689,False,32,2,2,True
16b_postcentral_volume_lh,Postcentral,lh,volume,Niigata,31,-0.37660032876347177,0.052837831018725044,-0.6357628385907531,0.07564483901313766,Edad+Genero+Grupo+eTIV,-0.5751301238823708,14,-0.4794070090395169,17,volume_Niigata,B,0.3950027415269783,False,86,2,2,True
16b_postcentral_volume_lh,Postcentral,lh,volume,DHI,30,-0.5319844411450039,0.005154045666188518,-0.7894171589783541,-0.12243291228137747,Edad+Genero+Grupo+eTIV,-0.49774853111919143,13,-0.5367882550646121,17,volume_DHI,B,0.1916146371132887,False,86,2,2,True
16b_postcentral_volume_rh,Postcentral,rh,volume,Niigata,31,-0.30334565973356864,0.12401248861893505,-0.5885595056184578,0.09973605026052808,Edad+Genero+Grupo+eTIV,-0.31089027572574446,14,-0.5805018984570575,17,volume_Niigata,B,0.3950027415269783,False,86,2,2,True
16b_postcentral_volume_rh,Postcentral,rh,volume,DHI,30,-0.2720111497607473,0.17885567986479362,-0.5798653404306934,0.1643948705588786,Edad+Genero+Grupo+eTIV,-0.31443035767299377,13,-0.2572588658505907,17,volume_DHI,B,0.7655335340193865,False,86,2,2,True
16b_postcentral_LGI_lh,Postcentral,lh,LGI,Niigata,31,0.10035889291438174,0.6113666344938203,-0.26528682635748085,0.4458222005088835,Edad+Genero+Grupo,0.06346327772865587,14,0.05876832612533311,17,LGI_Niigata,B,0.9703936934456393,False,32,2,2,True
16b_postcentral_LGI_lh,Postcentral,lh,LGI,DHI,30,0.036800330888357144,0.8553997002478821,-0.3385433480579957,0.4222027398277942,Edad+Genero+Grupo,-0.33965771489778473,13,0.20648753075601994,17,LGI_DHI,B,0.9438893244114561,False,32,1,2,False
16b_postcentral_LGI_rh,Postcentral,rh,LGI,Niigata,31,-0.12290740500466783,0.5332300819898608,-0.4395284268049885,0.2804766307082665,Edad+Genero+Grupo,-0.09255894940063347,14,-0.09704951893036466,17,LGI_Niigata,B,0.9703936934456393,False,32,2,2,True
16b_postcentral_LGI_rh,Postcentral,rh,LGI,DHI,30,-0.19729520631831984,0.3239337518465589,-0.48953209520812874,0.22414284208238577,Edad+Genero+Grupo,-0.45088279105500584,13,0.03218057986076436,17,LGI_DHI,B,0.9159612902733524,False,32,1,2,False
17_Thalamus_volume_lh,Tálamo,lh,volume,Niigata,31,0.033213240173182196,0.8693692099517802,-0.3756988368719498,0.4344083021319939,Edad+Genero+Grupo+eTIV,0.07499637149919675,14,-0.10233367770575312,17,volume_Niigata,B,0.9400864389355259,False,86,1,2,False
17_Thalamus_volume_lh,Tálamo,lh,volume,DHI,30,0.2758516463712918,0.17255662913959416,-0.1433820886056176,0.5799596786612473,Edad+Genero+Grupo+eTIV,0.06868324989884031,13,0.23693207316411516,17,volume_DHI,B,0.7655335340193865,False,86,2,2,True
17_Thalamus_volume_rh,Tálamo,rh,volume,Niigata,31,-0.14602111813472987,0.46737639531562203,-0.4632619945019822,0.271293713413726,Edad+Genero+Grupo+eTIV,-0.10174708292261837,14,-0.14659727176205267,17,volume_Niigata,B,0.7603359501896878,False,86,2,2,True
17_Thalamus_volume_rh,Tálamo,rh,volume,DHI,30,0.21496595195494014,0.2916086049686759,-0.216837692996994,0.5836700433252028,Edad+Genero+Grupo+eTIV,0.18309606301959663,13,0.15061351380524973,17,volume_DHI,B,0.7894953587240725,False,86,2,2,True
18_Amygdala_volume_lh,Amígdala,lh,volume,Niigata,31,0.052685216037754036,0.7941021379026949,-0.4177888253741505,0.44141466810907626,Edad+Genero+Grupo+eTIV,-0.11234389416404644,14,0.016568164636965643,17,volume_Niigata,B,0.9355175871182434,False,86,1,2,False
18_Amygdala_volume_lh,Amígdala,lh,volume,DHI,30,0.06927216587611153,0.7366803663915287,-0.37608581660589524,0.5019391875173849,Edad+Genero+Grupo+eTIV,-0.06097465838165336,13,0.14550153759285636,17,volume_DHI,B,0.8743662337665051,False,86,1,2,False
18_Amygdala_volume_rh,Amígdala,rh,volume,Niigata,31,-0.43038145165564246,0.02503380522663425,-0.7247382011315072,-0.05513850833311867,Edad+Genero+Grupo+eTIV,-0.18205281671218568,14,-0.6295817177865456,17,volume_Niigata,B,0.3950027415269783,False,86,2,2,True
18_Amygdala_volume_rh,Amígdala,rh,volume,DHI,30,-0.1786669644567444,0.3825114386532654,-0.5755821600727214,0.28939647683931413,Edad+Genero+Grupo+eTIV,0.02824616562523451,13,-0.45322767393110136,17,volume_DHI,B,0.813275934663149,False,86,1,2,False
19_Cerebellum_Cortex_volume_lh,Cerebelo,lh,volume,Niigata,31,-0.14533753105159264,0.46948613042767506,-0.560350174054806,0.25853312198395206,Edad+Genero+Grupo+eTIV,0.1787861493346966,14,-0.10842405668002769,17,volume_Niigata,B,0.7603359501896878,False,86,1,2,False
19_Cerebellum_Cortex_volume_lh,Cerebelo,lh,volume,DHI,30,-0.1150057094557979,0.575863192129684,-0.555600386880416,0.2642545188408752,Edad+Genero+Grupo+eTIV,0.011073754103467798,13,-0.10360229351672993,17,volume_DHI,B,0.813275934663149,False,86,1,2,False
19_Cerebellum_Cortex_volume_rh,Cerebelo,rh,volume,Niigata,31,-0.16992476098147533,0.3967932773120255,-0.6023353787653148,0.2345604505196601,Edad+Genero+Grupo+eTIV,0.07093699846368488,14,-0.059902100978272504,17,volume_Niigata,B,0.7557393418841607,False,86,1,2,False
19_Cerebellum_Cortex_volume_rh,Cerebelo,rh,volume,DHI,30,-0.09999632550456394,0.62694743258349,-0.5511822154430028,0.31818882953268296,Edad+Genero+Grupo+eTIV,-0.049516774548346645,13,-0.0691038388868741,17,volume_DHI,B,0.8424606125340647,False,86,2,2,True
hipp_lh_Hippocampal_tail,Hippocampal tail,lh,volume,Niigata,31,-0.25755717043973386,0.194634383531393,-0.6034194653570871,0.162793382300254,Edad+Genero+Grupo+eTIV,-0.18569210406684944,14,-0.25795919194940103,17,volume_Niigata,B,0.5230799057406187,False,86,2,2,True
hipp_lh_Hippocampal_tail,Hippocampal tail,lh,volume,DHI,30,0.035489248701673644,0.8633476145073186,-0.36133999966903596,0.4468150240765313,Edad+Genero+Grupo+eTIV,-0.05052187782398275,13,-0.01320710830378024,17,volume_DHI,B,0.9256551398896076,False,86,0,2,False
hipp_rh_Hippocampal_tail,Hippocampal tail,rh,volume,Niigata,31,-0.27368482186297505,0.16716912596551198,-0.5819700547416967,0.18409039678802747,Edad+Genero+Grupo+eTIV,-0.2317650608922718,14,-0.3311421255442574,17,volume_Niigata,B,0.5134480297512153,False,86,2,2,True
hipp_rh_Hippocampal_tail,Hippocampal tail,rh,volume,DHI,30,-0.03326566041430446,0.8718379805937002,-0.3917307341522693,0.39454855579795883,Edad+Genero+Grupo+eTIV,-0.01189339072028279,13,-0.215573615039786,17,volume_DHI,B,0.9256551398896076,False,86,2,2,True
hipp_lh_Whole_hippocampal_body,Whole hippocampal body,lh,volume,Niigata,31,-0.23333879661314194,0.2414588681411761,-0.5903059134285334,0.17067505373103536,Edad+Genero+Grupo+eTIV,-0.13280780825058383,14,-0.26281550794219294,17,volume_Niigata,B,0.5863621941678184,False,86,2,2,True
hipp_lh_Whole_hippocampal_body,Whole hippocampal body,lh,volume,DHI,30,-0.015691654548296952,0.9393543238767798,-0.454968086621865,0.4385102513609066,Edad+Genero+Grupo+eTIV,-0.21702691987292433,13,0.09494961875724496,17,volume_DHI,B,0.9733068898000368,False,86,1,2,False
hipp_rh_Whole_hippocampal_body,Whole hippocampal body,rh,volume,Niigata,31,-0.309435422159784,0.1162705264265082,-0.6692385414612131,0.12103832598367639,Edad+Genero+Grupo+eTIV,-0.12001742344775775,14,-0.26780540532349917,17,volume_Niigata,B,0.3950027415269783,False,86,2,2,True
hipp_rh_Whole_hippocampal_body,Whole hippocampal body,rh,volume,DHI,30,-0.1278878631326696,0.5335497112240644,-0.5110001134683835,0.2815260419446291,Edad+Genero+Grupo+eTIV,-0.11032856556416543,13,-0.08073900265553807,17,volume_DHI,B,0.813275934663149,False,86,2,2,True
hipp_lh_CA1_body,CA1 body,lh,volume,Niigata,31,-0.1670561440360414,0.40492911304158513,-0.5519540455810893,0.27277998407716963,Edad+Genero+Grupo+eTIV,-0.11507597586608037,14,-0.13130884632952086,17,volume_Niigata,B,0.7557393418841607,False,86,2,2,True
hipp_lh_CA1_body,CA1 body,lh,volume,DHI,30,-0.11773987052571067,0.5667597307718708,-0.5307475356039767,0.33185143814107443,Edad+Genero+Grupo+eTIV,-0.14714916492736912,13,-0.14532103811716207,17,volume_DHI,B,0.813275934663149,False,86,2,2,True
hipp_rh_CA1_body,CA1 body,rh,volume,Niigata,31,-0.3643180432402888,0.06172478036143554,-0.6960406482221606,0.09137113394692963,Edad+Genero+Grupo+eTIV,-0.20149138737324543,14,-0.3592329566393587,17,volume_Niigata,B,0.3950027415269783,False,86,2,2,True
hipp_rh_CA1_body,CA1 body,rh,volume,DHI,30,-0.13267211679245308,0.5182193731921221,-0.5273131231838225,0.307303963009231,Edad+Genero+Grupo+eTIV,-0.18159360277499192,13,-0.13443589719626797,17,volume_DHI,B,0.813275934663149,False,86,2,2,True
hipp_lh_CA3_body,CA3 body,lh,volume,Niigata,31,-0.3411510320109658,0.08160112680821932,-0.6367355463796249,0.052008498004742,Edad+Genero+Grupo+eTIV,-0.45910083629340614,14,-0.3423136815565997,17,volume_Niigata,B,0.3950027415269783,False,86,2,2,True
hipp_lh_CA3_body,CA3 body,lh,volume,DHI,30,-0.004803590341677398,0.9814197177245082,-0.4058455059326048,0.4351814949913425,Edad+Genero+Grupo+eTIV,-0.32317477212742146,13,-0.053543406259820105,17,volume_DHI,B,0.9929658320506789,False,86,2,2,True
hipp_rh_CA3_body,CA3 body,rh,volume,Niigata,31,-0.4191028488699001,0.029556986591267126,-0.7212758498962977,0.005881909076146274,Edad+Genero+Grupo+eTIV,-0.16248040672693997,14,-0.40308999630962256,17,volume_Niigata,B,0.3950027415269783,False,86,2,2,True
hipp_rh_CA3_body,CA3 body,rh,volume,DHI,30,-0.12170243148591042,0.553682186953615,-0.5058859434900806,0.3099195326333035,Edad+Genero+Grupo+eTIV,-0.19342668904046267,13,-0.16875756833262517,17,volume_DHI,B,0.813275934663149,False,86,2,2,True
hipp_lh_CA4_body,CA4 body,lh,volume,Niigata,31,-0.3059087598864047,0.1207092895300023,-0.6144906905180976,0.15276128639557598,Edad+Genero+Grupo+eTIV,-0.24639086974957924,14,-0.2825467189207264,17,volume_Niigata,B,0.3950027415269783,False,86,2,2,True
hipp_lh_CA4_body,CA4 body,lh,volume,DHI,30,-0.1500588418437429,0.464363630702884,-0.5130715811749594,0.35839530363759314,Edad+Genero+Grupo+eTIV,-0.5652294682788825,13,-0.04062888502547457,17,volume_DHI,B,0.813275934663149,False,86,2,2,True
hipp_rh_CA4_body,CA4 body,rh,volume,Niigata,31,-0.3345754285032937,0.08804537000878843,-0.67619946350675,0.1027976423174849,Edad+Genero+Grupo+eTIV,-0.08793743246510471,14,-0.29124318257710585,17,volume_Niigata,B,0.3950027415269783,False,86,2,2,True
hipp_rh_CA4_body,CA4 body,rh,volume,DHI,30,-0.12517567247497408,0.5423346235111687,-0.5187538486171184,0.2893268900857859,Edad+Genero+Grupo+eTIV,-0.18862942265137542,13,-0.10823076162013062,17,volume_DHI,B,0.813275934663149,False,86,2,2,True
hipp_lh_GC_ML_DG_body,GC ML DG body,lh,volume,Niigata,31,-0.2648849152556905,0.18179431473548377,-0.6255051506929492,0.17153038761319467,Edad+Genero+Grupo+eTIV,-0.2609476921095151,14,-0.2357864472311126,17,volume_Niigata,B,0.5188737465605704,False,86,2,2,True
hipp_lh_GC_ML_DG_body,GC ML DG body,lh,volume,DHI,30,-0.11470793963324488,0.5768585117959545,-0.499263099979985,0.3932483572961787,Edad+Genero+Grupo+eTIV,-0.49934707048073307,13,-0.013852158115990528,17,volume_DHI,B,0.813275934663149,False,86,2,2,True
hipp_rh_GC_ML_DG_body,GC ML DG body,rh,volume,Niigata,31,-0.3579591336901249,0.06676032047236058,-0.7056012785653799,0.05662590124270629,Edad+Genero+Grupo+eTIV,-0.11700221302127856,14,-0.35831557402264824,17,volume_Niigata,B,0.3950027415269783,False,86,2,2,True
hipp_rh_GC_ML_DG_body,GC ML DG body,rh,volume,DHI,30,-0.1448797407646986,0.4800938054789141,-0.5270065858817135,0.2995721722938962,Edad+Genero+Grupo+eTIV,-0.14992173300653397,13,-0.18176954677605053,17,volume_DHI,B,0.813275934663149,False,86,2,2,True
hipp_lh_molecular_layer_HP_body,molecular layer HP body,lh,volume,Niigata,31,-0.22355880321344943,0.2623140621076001,-0.5549943680675063,0.23474173607356308,Edad+Genero+Grupo+eTIV,-0.1038896718359639,14,-0.27538023098264286,17,volume_Niigata,B,0.6097029551690165,False,86,2,2,True
hipp_lh_molecular_layer_HP_body,molecular layer HP body,lh,volume,DHI,30,0.0053666500607992,0.9792422391652599,-0.43347319545839835,0.5028862174125629,Edad+Genero+Grupo+eTIV,-0.2747638165249075,13,0.11190606527542908,17,volume_DHI,B,0.9929658320506789,False,86,1,2,False
hipp_rh_molecular_layer_HP_body,molecular layer HP body,rh,volume,Niigata,31,-0.3064738018059271,0.11998986663334368,-0.6716845159687763,0.14314415469304573,Edad+Genero+Grupo+eTIV,-0.05498181674962796,14,-0.299144812928246,17,volume_Niigata,B,0.3950027415269783,False,86,2,2,True
hipp_rh_molecular_layer_HP_body,molecular layer HP body,rh,volume,DHI,30,-0.054396672908535025,0.7918388167092918,-0.4711687251047284,0.3770972486519623,Edad+Genero+Grupo+eTIV,-0.043519212940427696,13,-0.01910290274483736,17,volume_DHI,B,0.9104246195055139,False,86,2,2,True
hipp_lh_subiculum_body,subiculum body,lh,volume,Niigata,31,-0.14278088096305652,0.4774202477935249,-0.5027061077359262,0.3292229488349068,Edad+Genero+Grupo+eTIV,0.1180312395165693,14,-0.32350514341323433,17,volume_Niigata,B,0.7603359501896878,False,86,1,2,False
hipp_lh_subiculum_body,subiculum body,lh,volume,DHI,30,0.15298503045270354,0.45559635363881534,-0.30308523173443325,0.5897941127033488,Edad+Genero+Grupo+eTIV,0.044843309283493345,13,0.14532456695091928,17,volume_DHI,B,0.813275934663149,False,86,2,2,True
hipp_rh_subiculum_body,subiculum body,rh,volume,Niigata,31,-0.19278855197693293,0.3353288944452594,-0.5655706397517978,0.22449962279807276,Edad+Genero+Grupo+eTIV,0.012123621971434313,14,-0.2735992398808519,17,volume_Niigata,B,0.7209571230573076,False,86,1,2,False
hipp_rh_subiculum_body,subiculum body,rh,volume,DHI,30,0.0017053657239367002,0.9934031594580888,-0.4398822542279522,0.4053026586858469,Edad+Genero+Grupo+eTIV,-0.04479762563572084,13,0.123332315299861,17,volume_DHI,B,0.9934031594580888,False,86,1,2,False
hipp_lh_presubiculum_body,presubiculum body,lh,volume,Niigata,31,0.2500793148576815,0.2083674454552658,-0.15003989293179312,0.5679556039369321,Edad+Genero+Grupo+eTIV,0.26306862090437255,14,0.36252895748903413,17,volume_Niigata,B,0.5270470679162605,False,86,2,2,True
hipp_lh_presubiculum_body,presubiculum body,lh,volume,DHI,30,0.23596226629649963,0.24585315378413505,-0.19962335811117626,0.5718365289605556,Edad+Genero+Grupo+eTIV,-0.0504912195676968,13,0.5308060111727265,17,volume_DHI,B,0.7894953587240725,False,86,1,2,False
hipp_rh_presubiculum_body,presubiculum body,rh,volume,Niigata,31,-0.0011304953683759296,0.9955348614769323,-0.3629223491663651,0.4775716327212687,Edad+Genero+Grupo+eTIV,0.058694192403530354,14,-0.02312905857951856,17,volume_Niigata,B,0.9955348614769323,False,86,1,2,False
hipp_rh_presubiculum_body,presubiculum body,rh,volume,DHI,30,0.0957206861260844,0.6418256039264905,-0.31780264897462124,0.49647270094389107,Edad+Genero+Grupo+eTIV,0.2781307081989779,13,-0.0031787990677273766,17,volume_DHI,B,0.8491846451950489,False,86,1,2,False
thal_lh_AV,AV,lh,volume,Niigata,31,0.15114859575467282,0.45171006013477855,-0.2669302287100087,0.4851472630566331,Edad+Genero+Grupo+eTIV,0.038910513724857876,14,0.14636719425825542,17,volume_Niigata,B,0.7603359501896878,False,86,2,2,True
thal_lh_AV,AV,lh,volume,DHI,30,0.2755971008189135,0.17296925512784475,-0.11742622960552429,0.5764594377214532,Edad+Genero+Grupo+eTIV,-0.09516325312851469,13,0.26146962709605964,17,volume_DHI,B,0.7655335340193865,False,86,1,2,False
thal_rh_AV,AV,rh,volume,Niigata,31,0.07624815321861086,0.7054301712858964,-0.3396529045012038,0.48700669924606155,Edad+Genero+Grupo+eTIV,0.4180699281148863,14,-0.03790999119404515,17,volume_Niigata,B,0.9181909840212382,False,86,1,2,False
thal_rh_AV,AV,rh,volume,DHI,30,0.33274011200729137,0.09672959376342645,-0.11083511271217303,0.6277392346235662,Edad+Genero+Grupo+eTIV,0.3311024745454347,13,0.1492327847824555,17,volume_DHI,B,0.7655335340193865,False,86,2,2,True
thal_lh_LD,LD,lh,volume,Niigata,31,0.021841166284137667,0.9138906321142661,-0.3777645669493614,0.39499467614524414,Edad+Genero+Grupo+eTIV,0.25560212987798947,14,-0.013585610738197485,17,volume_Niigata,B,0.961989313792197,False,86,1,2,False
thal_lh_LD,LD,lh,volume,DHI,30,0.18220186357072723,0.373010210045789,-0.22488855600330357,0.5175502101847673,Edad+Genero+Grupo+eTIV,0.1746960920167242,13,0.15469062995499505,17,volume_DHI,B,0.813275934663149,False,86,2,2,True
thal_rh_LD,LD,rh,volume,Niigata,31,0.13620734252685862,0.49813191223975295,-0.28371041018516535,0.5265075956651224,Edad+Genero+Grupo+eTIV,0.27646026457900785,14,0.054511974343173855,17,volume_Niigata,B,0.7788971718657954,False,86,2,2,True
thal_rh_LD,LD,rh,volume,DHI,30,0.2009554844741518,0.3249330353123813,-0.277700633518801,0.5654504346925877,Edad+Genero+Grupo+eTIV,0.1021809178944671,13,0.3209478651035219,17,volume_DHI,B,0.7894953587240725,False,86,2,2,True
thal_lh_VA,VA,lh,volume,Niigata,31,0.09535369269544672,0.6361363182944961,-0.3197491973152217,0.46859979251856304,Edad+Genero+Grupo+eTIV,0.3064654041063381,14,0.10168136214574443,17,volume_Niigata,B,0.8968479241528962,False,86,2,2,True
thal_lh_VA,VA,lh,volume,DHI,30,0.292830655433533,0.14656813870623764,-0.10551734674562202,0.5996251304036794,Edad+Genero+Grupo+eTIV,0.46447769972366365,13,0.15619268692131044,17,volume_DHI,B,0.7655335340193865,False,86,2,2,True
thal_rh_VA,VA,rh,volume,Niigata,31,-0.013480286905742364,0.946793467489391,-0.3900858867297437,0.39154421869770006,Edad+Genero+Grupo+eTIV,0.25600834257433197,14,-0.08558568291105793,17,volume_Niigata,B,0.970506654322216,False,86,1,2,False
thal_rh_VA,VA,rh,volume,DHI,30,0.19945761674781315,0.3286276452053504,-0.21344256886535024,0.5679843301294465,Edad+Genero+Grupo+eTIV,0.11163854449693335,13,0.11529261296290626,17,volume_DHI,B,0.7894953587240725,False,86,2,2,True
thal_lh_VAmc,VAmc,lh,volume,Niigata,31,-0.07070251053721266,0.7260114757377232,-0.4755660192093381,0.3639858328698772,Edad+Genero+Grupo+eTIV,0.028223134985857837,14,-0.248704940506828,17,volume_Niigata,B,0.9181909840212382,False,86,1,2,False
thal_lh_VAmc,VAmc,lh,volume,DHI,30,0.207280387507544,0.30961264025322965,-0.2248332980551112,0.5646191872431259,Edad+Genero+Grupo+eTIV,0.15211581619103873,13,0.0371466558137011,17,volume_DHI,B,0.7894953587240725,False,86,2,2,True
thal_rh_VAmc,VAmc,rh,volume,Niigata,31,-0.15386929298627114,0.4435120144180449,-0.5501276795052586,0.2717425753188949,Edad+Genero+Grupo+eTIV,-0.3762373040188801,14,-0.10634387450549973,17,volume_Niigata,B,0.7603359501896878,False,86,2,2,True
thal_rh_VAmc,VAmc,rh,volume,DHI,30,0.168502090259747,0.41059485892224395,-0.3316181979422567,0.55845382110154,Edad+Genero+Grupo+eTIV,-0.17658855066227164,13,0.16751266045410626,17,volume_DHI,B,0.813275934663149,False,86,1,2,False
amyg_lh_Lateral_nucleus,Lateral nucleus,lh,volume,Niigata,31,-0.1510763182291544,0.4519289383638615,-0.535197647088456,0.2762426947290357,Edad+Genero+Grupo+eTIV,-0.13110927002644293,14,-0.3109934274415006,17,volume_Niigata,B,0.7603359501896878,False,86,2,2,True
amyg_lh_Lateral_nucleus,Lateral nucleus,lh,volume,DHI,30,-0.15404199649649483,0.45245111383166453,-0.5550961380374346,0.28057988571452386,Edad+Genero+Grupo+eTIV,-0.17430863338734162,13,-0.18391422913487293,17,volume_DHI,B,0.813275934663149,False,86,2,2,True
amyg_rh_Lateral_nucleus,Lateral nucleus,rh,volume,Niigata,31,-0.3198151616558473,0.10390491972004007,-0.6872014276114375,0.16866961552027016,Edad+Genero+Grupo+eTIV,-0.26715082583055355,14,-0.3505411360671124,17,volume_Niigata,B,0.3950027415269783,False,86,2,2,True
amyg_rh_Lateral_nucleus,Lateral nucleus,rh,volume,DHI,30,-0.21979854966519013,0.2806325341937734,-0.6015524859193883,0.21330902827108503,Edad+Genero+Grupo+eTIV,-0.04989023728935372,13,-0.2256027616173435,17,volume_DHI,B,0.7894953587240725,False,86,2,2,True
amyg_lh_Basal_nucleus,Basal nucleus,lh,volume,Niigata,31,-0.16423515792561713,0.4130203380064599,-0.5803200019024581,0.27198083662067524,Edad+Genero+Grupo+eTIV,-0.3012843313546118,14,-0.21485967341875242,17,volume_Niigata,B,0.7557393418841607,False,86,2,2,True
amyg_lh_Basal_nucleus,Basal nucleus,lh,volume,DHI,30,-0.22411522328287134,0.2710533705098023,-0.5568546459016092,0.2453954130741339,Edad+Genero+Grupo+eTIV,-0.2360592885859628,13,-0.2381304811998556,17,volume_DHI,B,0.7894953587240725,False,86,2,2,True
amyg_rh_Basal_nucleus,Basal nucleus,rh,volume,Niigata,31,-0.3875440503221808,0.04579460194373212,-0.7144484452934641,-0.012318260885171333,Edad+Genero+Grupo+eTIV,-0.1653633865497457,14,-0.45549728475199414,17,volume_Niigata,B,0.3950027415269783,False,86,2,2,True
amyg_rh_Basal_nucleus,Basal nucleus,rh,volume,DHI,30,-0.3050131726388405,0.12973495179475888,-0.6650266947180941,0.14703479733434568,Edad+Genero+Grupo+eTIV,-0.044597288725290986,13,-0.5171779295276573,17,volume_DHI,B,0.7655335340193865,False,86,2,2,True
amyg_lh_Accessory_Basal_nucleus,Accessory Basal nucleus,lh,volume,Niigata,31,-0.06043101909835147,0.7646165622281532,-0.5633554593209696,0.285706609063768,Edad+Genero+Grupo+eTIV,-0.4231677432438932,14,-0.013666923072698097,17,volume_Niigata,B,0.9261552725580448,False,86,2,2,True
amyg_lh_Accessory_Basal_nucleus,Accessory Basal nucleus,lh,volume,DHI,30,-0.0490063783444486,0.8120847463837586,-0.4603293575187404,0.45139991477436336,Edad+Genero+Grupo+eTIV,-0.1439728887940672,13,-0.0605780160251523,17,volume_DHI,B,0.9104246195055139,False,86,2,2,True
amyg_rh_Accessory_Basal_nucleus,Accessory Basal nucleus,rh,volume,Niigata,31,-0.31423623799033573,0.11042303620323161,-0.6369356071478491,0.09451518084723257,Edad+Genero+Grupo+eTIV,-0.013554440885301416,14,-0.47185227595694873,17,volume_Niigata,B,0.3950027415269783,False,86,2,2,True
amyg_rh_Accessory_Basal_nucleus,Accessory Basal nucleus,rh,volume,DHI,30,-0.21285092313652518,0.2964961302199188,-0.5925444914539127,0.27160426993350073,Edad+Genero+Grupo+eTIV,0.12632561305409462,13,-0.5607369282011309,17,volume_DHI,B,0.7894953587240725,False,86,1,2,False
amyg_lh_Central_nucleus,Central nucleus,lh,volume,Niigata,31,0.08449750387768971,0.675189176378498,-0.3118413500635496,0.4594660413818581,Edad+Genero+Grupo+eTIV,-0.026605271194599243,14,0.15366939215869477,17,volume_Niigata,B,0.9181909840212382,False,86,1,2,False
amyg_lh_Central_nucleus,Central nucleus,lh,volume,DHI,30,0.13213182097442813,0.5199399161761945,-0.32053067759085613,0.550735543113677,Edad+Genero+Grupo+eTIV,-0.006149676044571287,13,0.13546358735917766,17,volume_DHI,B,0.813275934663149,False,86,1,2,False
amyg_rh_Central_nucleus,Central nucleus,rh,volume,Niigata,31,-0.1302037529414624,0.5174318170410093,-0.5402318337060338,0.27191610103007013,Edad+Genero+Grupo+eTIV,0.12668169728897768,14,-0.13947917942616256,17,volume_Niigata,B,0.7946274333129785,False,86,1,2,False
amyg_rh_Central_nucleus,Central nucleus,rh,volume,DHI,30,-0.13010321323043625,0.5264244170288075,-0.555796943415812,0.3711026350702324,Edad+Genero+Grupo+eTIV,-0.005600470714125815,13,-0.45259883182089944,17,volume_DHI,B,0.813275934663149,False,86,2,2,True
amyg_lh_Medial_nucleus,Medial nucleus,lh,volume,Niigata,31,-0.06180160510646619,0.7594311430445269,-0.44116121641366135,0.4254220047315412,Edad+Genero+Grupo+eTIV,-0.6447843005323192,14,0.087358225466712,17,volume_Niigata,B,0.9261552725580448,False,86,1,2,False
amyg_lh_Medial_nucleus,Medial nucleus,lh,volume,DHI,30,0.08620777062604822,0.6754080858442042,-0.3554937108141197,0.5564754135777349,Edad+Genero+Grupo+eTIV,-0.4200291951652214,13,0.2630749316045611,17,volume_DHI,B,0.8743662337665051,False,86,1,2,False
amyg_rh_Medial_nucleus,Medial nucleus,rh,volume,Niigata,31,0.03513333360100599,0.8618865980740262,-0.4173295277509821,0.41065848675099237,Edad+Genero+Grupo+eTIV,0.39031530762439903,14,-0.006684667233418905,17,volume_Niigata,B,0.9400864389355259,False,86,1,2,False
amyg_rh_Medial_nucleus,Medial nucleus,rh,volume,DHI,30,0.05365574939626967,0.7946142571494104,-0.4375252924452221,0.5126658589431522,Edad+Genero+Grupo+eTIV,0.1276020141498256,13,-0.15051681644842724,17,volume_DHI,B,0.9104246195055139,False,86,1,2,False
amyg_lh_Cortical_nucleus,Cortical nucleus,lh,volume,Niigata,31,-0.04146814077110091,0.8372855511432906,-0.44139764863982406,0.4049858562436307,Edad+Genero+Grupo+eTIV,-0.433716016511336,14,0.06985276845022775,17,volume_Niigata,B,0.9400864389355259,False,86,1,2,False
amyg_lh_Cortical_nucleus,Cortical nucleus,lh,volume,DHI,30,0.12074627744949692,0.5568250581013996,-0.33224223106121964,0.5642463992206309,Edad+Genero+Grupo+eTIV,-0.1335860454548759,13,0.21294363196049312,17,volume_DHI,B,0.813275934663149,False,86,1,2,False
amyg_rh_Cortical_nucleus,Cortical nucleus,rh,volume,Niigata,31,-0.2618516082625244,0.18703588538811258,-0.6342460854786425,0.16807706906972808,Edad+Genero+Grupo+eTIV,-0.18879937382674425,14,-0.27115489389986824,17,volume_Niigata,B,0.5188737465605704,False,86,2,2,True
amyg_rh_Cortical_nucleus,Cortical nucleus,rh,volume,DHI,30,-0.13583864515625352,0.5081914490872066,-0.5356023215766519,0.3134548490631715,Edad+Genero+Grupo+eTIV,0.07976322760730657,13,-0.2996188655889965,17,volume_DHI,B,0.813275934663149,False,86,1,2,False
amyg_lh_Anterior_amygdaloid_area_AAA,Anterior amygdaloid area AAA,lh,volume,Niigata,31,-0.45786716151795354,0.016324228602173637,-0.7665844424454035,0.05057662806084041,Edad+Genero+Grupo+eTIV,-0.30887035876694624,14,-0.5390815102470741,17,volume_Niigata,B,0.3950027415269783,False,86,2,2,True
amyg_lh_Anterior_amygdaloid_area_AAA,Anterior amygdaloid area AAA,lh,volume,DHI,30,-0.5182517436924384,0.006684231527207745,-0.7657517466786709,-0.04008572809716635,Edad+Genero+Grupo+eTIV,-0.38839791318123695,13,-0.6619376921638767,17,volume_DHI,B,0.1916146371132887,False,86,2,2,True
amyg_rh_Anterior_amygdaloid_area_AAA,Anterior amygdaloid area AAA,rh,volume,Niigata,31,-0.5234163088551427,0.005082834623316034,-0.7629379254713399,-0.17608831330493915,Edad+Genero+Grupo+eTIV,-0.3665890363791742,14,-0.5100786452985988,17,volume_Niigata,B,0.3950027415269783,False,86,2,2,True
amyg_rh_Anterior_amygdaloid_area_AAA,Anterior amygdaloid area AAA,rh,volume,DHI,30,-0.43462605582799385,0.02650172741531937,-0.749028743978573,0.02640037769285406,Edad+Genero+Grupo+eTIV,0.09443213128942801,13,-0.6142323657395452,17,volume_DHI,B,0.4769295250561181,False,86,1,2,False
amyg_lh_Corticoamygdaloid_transitio,Corticoamygdaloid transitio,lh,volume,Niigata,31,0.03686965435560472,0.8551301327778656,-0.30298264848628764,0.4186834940351114,Edad+Genero+Grupo+eTIV,-0.41031751294241403,14,0.051338057753511857,17,volume_Niigata,B,0.9400864389355259,False,86,1,2,False
amyg_lh_Corticoamygdaloid_transitio,Corticoamygdaloid transitio,lh,volume,DHI,30,0.07147800125866241,0.7286010308728696,-0.3600252297745828,0.44579356776369095,Edad+Genero+Grupo+eTIV,-0.17744498387666233,13,0.18686924610295397,17,volume_DHI,B,0.8743662337665051,False,86,1,2,False
amyg_rh_Corticoamygdaloid_transitio,Corticoamygdaloid transitio,rh,volume,Niigata,31,-0.0771223694309677,0.702203683543297,-0.48800599475060097,0.28403167689415176,Edad+Genero+Grupo+eTIV,-0.18155827283007467,14,-0.06649343975295917,17,volume_Niigata,B,0.9181909840212382,False,86,2,2,True
amyg_rh_Corticoamygdaloid_transitio,Corticoamygdaloid transitio,rh,volume,DHI,30,-0.07347460880450332,0.7213122603531639,-0.4652662332493023,0.3199592115841089,Edad+Genero+Grupo+eTIV,-0.2138966436880351,13,0.04550174235640889,17,volume_DHI,B,0.8743662337665051,False,86,1,2,False
amyg_lh_Paralaminar_nucleus,Paralaminar nucleus,lh,volume,Niigata,31,-0.21260414650485426,0.28702019454363403,-0.6128307083680573,0.24023958093215123,Edad+Genero+Grupo+eTIV,-0.18847097308965668,14,-0.22542608793715213,17,volume_Niigata,B,0.6495720192303296,False,86,2,2,True
amyg_lh_Paralaminar_nucleus,Paralaminar nucleus,lh,volume,DHI,30,-0.2461778520059981,0.22539932981377755,-0.5921004772587826,0.19348925737283781,Edad+Genero+Grupo+eTIV,-0.17674817356864556,13,-0.21207545745652048,17,volume_DHI,B,0.7894953587240725,False,86,2,2,True
amyg_rh_Paralaminar_nucleus,Paralaminar nucleus,rh,volume,Niigata,31,-0.3425956707496118,0.08023474888349562,-0.6827450997064437,0.10561679411294922,Edad+Genero+Grupo+eTIV,-0.004281826094172467,14,-0.3457846065186557,17,volume_Niigata,B,0.3950027415269783,False,86,2,2,True
amyg_rh_Paralaminar_nucleus,Paralaminar nucleus,rh,volume,DHI,30,-0.40685391154249567,0.03913837391056653,-0.7058698624702208,-0.040875075332234945,Edad+Genero+Grupo+eTIV,-0.09626898064137905,13,-0.368143904660087,17,volume_DHI,B,0.5554060348702979,False,86,2,2,True
amyg_lh_Whole_amygdala,Whole amygdala,lh,volume,Niigata,31,-0.16011410287157885,0.4250004223076519,-0.552784298712949,0.251106535821958,Edad+Genero+Grupo+eTIV,-0.4010986076655331,14,-0.2490580435946949,17,volume_Niigata,B,0.7603359501896878,False,86,2,2,True
amyg_lh_Whole_amygdala,Whole amygdala,lh,volume,DHI,30,-0.15045075063021227,0.46318434623893123,-0.5112847519839867,0.3155973935316806,Edad+Genero+Grupo+eTIV,-0.25872291442875656,13,-0.13473800570904898,17,volume_DHI,B,0.813275934663149,False,86,2,2,True
amyg_rh_Whole_amygdala,Whole amygdala,rh,volume,Niigata,31,-0.34789100948667434,0.07537498308450115,-0.706565289804089,0.08147804416386334,Edad+Genero+Grupo+eTIV,-0.10068955152126609,14,-0.4274454383553079,17,volume_Niigata,B,0.3950027415269783,False,86,2,2,True
amyg_rh_Whole_amygdala,Whole amygdala,rh,volume,DHI,30,-0.2645494881091313,0.1915477273065189,-0.6311232199374943,0.16253212787207455,Edad+Genero+Grupo+eTIV,0.031514907102595,13,-0.4441583662488793,17,volume_DHI,B,0.7655335340193865,False,86,1,2,False
