variable,roi,hemi,medida,outcome,n,rho,p,ic_low,ic_high,covariables,rho_MPPP,n_MPPP,rho_Vestibular,n_Vestibular,rho_Voluntario Sano,n_Voluntario Sano,familia_fdr,etapa,p_fdr,sobrevive_fdr,n_familia,grupos_mismo_signo,grupos_validos,coherente
1_comp_thickness_lh,Ínsula posterior,lh,thickness,CSE_NI,46,0.30780418019996114,0.0473633676289384,0.04224174875184711,0.5574673707351774,Edad+Genero+Grupo,0.5021203200731235,17,0.18824488945782794,19,,10,thickness_CSE_NI,B,0.22102904893504588,False,14,2,2,True
1_comp_thickness_lh,Ínsula posterior,lh,thickness,EntropyRatio_NI,46,0.4489768184570677,0.0028593841643399084,0.2123442456753835,0.657563913234034,Edad+Genero+Grupo,0.54852122091699,17,0.6617036630529356,19,,10,thickness_EntropyRatio_NI,B,0.04003137830075872,True,14,2,2,True
1_comp_thickness_rh,Ínsula posterior,rh,thickness,CSE_NI,46,0.32389753790871495,0.036391384530741366,0.008776767320660676,0.5802841199254284,Edad+Genero+Grupo,0.1300563983696603,17,0.30062186250901596,19,,10,thickness_CSE_NI,B,0.22102904893504588,False,14,2,2,True
1_comp_thickness_rh,Ínsula posterior,rh,thickness,EntropyRatio_NI,46,0.3031815569264856,0.050967173578718564,-0.011404493111343507,0.5760294183872661,Edad+Genero+Grupo,0.18800709999181797,17,0.4433517389953287,19,,10,thickness_EntropyRatio_NI,B,0.23784681003401997,False,14,2,2,True
1_comp_area_lh,Ínsula posterior,lh,area,CSE_NI,46,-0.04140229346304214,0.7971666245091873,-0.3605116661694177,0.2643675852424225,Edad+Genero+Grupo+eTIV,-0.11266466438862871,17,0.1158971088449293,19,,10,area_CSE_NI,B,0.9491480807465154,False,14,1,2,False
1_comp_area_lh,Ínsula posterior,lh,area,EntropyRatio_NI,46,0.013503823850043162,0.9332183233105218,-0.2588426956650095,0.3028132888405422,Edad+Genero+Grupo+eTIV,0.1715814994728674,17,-0.007884602931418018,19,,10,area_EntropyRatio_NI,B,0.9807060693767871,False,14,1,2,False
1_comp_area_rh,Ínsula posterior,rh,area,CSE_NI,46,0.10179989299354725,0.5265196530155101,-0.22945845309156832,0.38872083634925714,Edad+Genero+Grupo+eTIV,-0.017103792217039154,17,0.3369354907418303,19,,10,area_CSE_NI,B,0.9087652138878615,False,14,1,2,False
1_comp_area_rh,Ínsula posterior,rh,area,EntropyRatio_NI,46,-0.003897379175656303,0.9807060693767871,-0.2812026208390248,0.2807811036090856,Edad+Genero+Grupo+eTIV,0.22969362173140187,17,0.11172076357460309,19,,10,area_EntropyRatio_NI,B,0.9807060693767871,False,14,0,2,False
1_comp_volume_lh,Ínsula posterior,lh,volume,CSE_NI,46,0.1446870963753011,0.36675907179791023,-0.18889192924124862,0.4493931234403268,Edad+Genero+Grupo+eTIV,-0.08727915365591303,17,0.40519617398381225,19,,10,volume_CSE_NI,B,0.633145336153102,False,16,1,2,False
1_comp_volume_lh,Ínsula posterior,lh,volume,EntropyRatio_NI,46,0.20328294048713721,0.20239731413921236,-0.09985674772110005,0.48205475582051815,Edad+Genero+Grupo+eTIV,0.05874589258192029,17,0.4538246501180053,19,,10,volume_EntropyRatio_NI,B,0.41436148106741777,False,16,2,2,True
1_comp_volume_rh,Ínsula posterior,rh,volume,CSE_NI,46,0.1871678100761414,0.24128283010287693,-0.1530530190247203,0.4752397163612548,Edad+Genero+Grupo+eTIV,-0.005190681691075725,17,0.49424324594490526,19,,10,volume_CSE_NI,B,0.597604093088515,False,16,1,2,False
1_comp_volume_rh,Ínsula posterior,rh,volume,EntropyRatio_NI,46,0.051567235527437694,0.7488218344009431,-0.2695033727922682,0.3063072695111613,Edad+Genero+Grupo+eTIV,0.2784618227107517,17,0.31220045454096274,19,,10,volume_EntropyRatio_NI,B,0.833348386519539,False,16,2,2,True
1_comp_LGI_lh,Ínsula posterior,lh,LGI,CSE_NI,45,0.18040960127265263,0.2590021914794305,-0.09338376231022726,0.4482689647656819,Edad+Genero+Grupo,0.3257969213787481,17,0.12184985256763729,18,,10,LGI_CSE_NI,B,0.6043384467853379,False,14,2,2,True
1_comp_LGI_lh,Ínsula posterior,lh,LGI,EntropyRatio_NI,45,-0.11077587272972494,0.49050699405495085,-0.3533652036161733,0.1727565608752889,Edad+Genero+Grupo,0.2949078572082281,17,-0.2157739942630952,18,,10,LGI_EntropyRatio_NI,B,0.8982939080061468,False,14,1,2,False
1_comp_LGI_rh,Ínsula posterior,rh,LGI,CSE_NI,45,0.11584205927069904,0.470758278175349,-0.17594287699083747,0.39271856464478344,Edad+Genero+Grupo,0.182141899646538,17,0.13137814575809953,18,,10,LGI_CSE_NI,B,0.7761336173250815,False,14,2,2,True
1_comp_LGI_rh,Ínsula posterior,rh,LGI,EntropyRatio_NI,45,-0.06159784740662675,0.7020276425331028,-0.3790533292472536,0.26824039064234745,Edad+Genero+Grupo,0.21030255342577284,17,-0.06115130828515616,18,,10,LGI_EntropyRatio_NI,B,0.8982939080061468,False,14,1,2,False
2_supramarginal_thickness_lh,Giro supramarginal,lh,thickness,CSE_NI,46,0.08567567170172515,0.5895563727879702,-0.26616630590365625,0.3627659860230147,Edad+Genero+Grupo,0.15994024533373463,17,-0.1368150437558168,19,,10,thickness_CSE_NI,B,0.7449145113082601,False,14,1,2,False
2_supramarginal_thickness_lh,Giro supramarginal,lh,thickness,EntropyRatio_NI,46,0.1696306147748832,0.2828394728546909,-0.18237466000718128,0.47841863621867614,Edad+Genero+Grupo,0.3545738569629224,17,0.13951896228261199,19,,10,thickness_EntropyRatio_NI,B,0.603881805408458,False,14,2,2,True
2_supramarginal_thickness_rh,Giro supramarginal,rh,thickness,CSE_NI,46,0.18662342326312606,0.23665483876266868,-0.10537792812556084,0.4412878761789313,Edad+Genero+Grupo,-0.006102634949938542,17,0.3405354879037534,19,,10,thickness_CSE_NI,B,0.5521946237795603,False,14,1,2,False
2_supramarginal_thickness_rh,Giro supramarginal,rh,thickness,EntropyRatio_NI,46,0.23977684786885406,0.12615416231502105,-0.06270626737527142,0.5072066191209617,Edad+Genero+Grupo,0.1834838767422175,17,0.45119270612661644,19,,10,thickness_EntropyRatio_NI,B,0.40176113611783915,False,14,2,2,True
2_supramarginal_area_lh,Giro supramarginal,lh,area,CSE_NI,46,-0.02229338329304155,0.889963917534709,-0.34140110423760595,0.34775171330508164,Edad+Genero+Grupo+eTIV,-0.39012177092600475,17,-0.0742305340043578,19,,10,area_CSE_NI,B,0.9491480807465154,False,14,2,2,True
2_supramarginal_area_lh,Giro supramarginal,lh,area,EntropyRatio_NI,46,-0.07837826863226485,0.6261903665987891,-0.4133945833588066,0.28710990501760136,Edad+Genero+Grupo+eTIV,-0.3527048890652927,17,-0.04951263797960911,19,,10,area_EntropyRatio_NI,B,0.8309400840029241,False,14,2,2,True
2_supramarginal_area_rh,Giro supramarginal,rh,area,CSE_NI,46,0.34800968183382214,0.025770923830584498,0.01028669016234653,0.5918549272416618,Edad+Genero+Grupo+eTIV,0.43138112842492987,17,0.12116860563965506,19,,10,area_CSE_NI,B,0.1927376701320823,False,14,2,2,True
2_supramarginal_area_rh,Giro supramarginal,rh,area,EntropyRatio_NI,46,0.35750444684052385,0.02174599016175335,0.12705902671244704,0.5614365028097739,Edad+Genero+Grupo+eTIV,0.582238729398036,17,0.11074677516224667,19,,10,area_EntropyRatio_NI,B,0.3044438622645469,False,14,2,2,True
2_supramarginal_volume_lh,Giro supramarginal,lh,volume,CSE_NI,46,0.05852525776895446,0.7162559080580032,-0.21742419620837716,0.3645179110118926,Edad+Genero+Grupo+eTIV,-0.27773488064142354,17,-0.005836314728606634,19,,10,volume_CSE_NI,B,0.8537245907281243,False,16,0,2,False
2_supramarginal_volume_lh,Giro supramarginal,lh,volume,EntropyRatio_NI,46,0.019726111453734294,0.9025708369510576,-0.26317650153032246,0.28919581083116297,Edad+Genero+Grupo+eTIV,-0.2908981987438651,17,0.13583171736119773,19,,10,volume_EntropyRatio_NI,B,0.9025708369510576,False,16,1,2,False
2_supramarginal_volume_rh,Giro supramarginal,rh,volume,CSE_NI,46,0.4054588217987621,0.00854000034689584,0.057907929186922065,0.627786416593472,Edad+Genero+Grupo+eTIV,0.3149914402035047,17,0.313793558828032,19,,10,volume_CSE_NI,B,0.12399314714973736,False,16,2,2,True
2_supramarginal_volume_rh,Giro supramarginal,rh,volume,EntropyRatio_NI,46,0.3880448531363278,0.012177487217291023,0.12426217263357366,0.6068785215634671,Edad+Genero+Grupo+eTIV,0.5948285605614078,17,0.25739571009011863,19,,10,volume_EntropyRatio_NI,B,0.19483979547665636,False,16,2,2,True
2_supramarginal_LGI_lh,Giro supramarginal,lh,LGI,CSE_NI,45,0.18054652322508166,0.2586348210917867,-0.09101090339470064,0.4610621719754522,Edad+Genero+Grupo,0.2311171827983306,17,0.2876205656195976,18,,10,LGI_CSE_NI,B,0.6043384467853379,False,14,2,2,True
2_supramarginal_LGI_lh,Giro supramarginal,lh,LGI,EntropyRatio_NI,45,-0.1010318374817827,0.5296602880007583,-0.3814593462701179,0.21101800732611925,Edad+Genero+Grupo,0.07871733773681634,17,0.02629664065106345,18,,10,LGI_EntropyRatio_NI,B,0.8982939080061468,False,14,0,2,False
2_supramarginal_LGI_rh,Giro supramarginal,rh,LGI,CSE_NI,45,-0.05369781122016609,0.7388012009687128,-0.33010078652284736,0.23228786151302647,Edad+Genero+Grupo,-0.15444102147940508,17,0.2253025404750109,18,,10,LGI_CSE_NI,B,0.7956320625816907,False,14,1,2,False
2_supramarginal_LGI_rh,Giro supramarginal,rh,LGI,EntropyRatio_NI,45,-0.15350902112637801,0.3379440871070521,-0.47890547916282744,0.16124809433723564,Edad+Genero+Grupo,-0.1182202033517948,17,0.13765427697827745,18,,10,LGI_EntropyRatio_NI,B,0.8982939080061468,False,14,1,2,False
3_superiortemporal_thickness_lh,Temporal superior,lh,thickness,CSE_NI,46,0.3220467507449094,0.03753586501223291,-0.005361990278994382,0.5642073065850282,Edad+Genero+Grupo,0.19884296128167656,17,0.43956636807125965,19,,10,thickness_CSE_NI,B,0.22102904893504588,False,14,2,2,True
3_superiortemporal_thickness_lh,Temporal superior,lh,thickness,EntropyRatio_NI,46,0.389524700217246,0.010777757586513,0.06753510082455245,0.6047973396496675,Edad+Genero+Grupo,0.4669755513766177,17,0.4960484272485758,19,,10,thickness_EntropyRatio_NI,B,0.07544430310559101,False,14,2,2,True
3_superiortemporal_thickness_rh,Temporal superior,rh,thickness,CSE_NI,46,0.05389580266110795,0.7346170145088683,-0.2591044962071186,0.3483510305908394,Edad+Genero+Grupo,-0.3125141951075574,17,0.29350955890542757,19,,10,thickness_CSE_NI,B,0.791126015624935,False,14,1,2,False
3_superiortemporal_thickness_rh,Temporal superior,rh,thickness,EntropyRatio_NI,46,0.1167889519730951,0.4613877943385555,-0.190124791131254,0.38773132122156173,Edad+Genero+Grupo,0.013739729503887126,17,0.327369364097258,19,,10,thickness_EntropyRatio_NI,B,0.6419551465635113,False,14,2,2,True
3_superiortemporal_area_lh,Temporal superior,lh,area,CSE_NI,46,0.08802220197545252,0.584206208927911,-0.22093291283058653,0.47320610521103346,Edad+Genero+Grupo+eTIV,-0.07403127305383732,17,0.01789575706227757,19,,10,area_CSE_NI,B,0.9087652138878615,False,14,1,2,False
3_superiortemporal_area_lh,Temporal superior,lh,area,EntropyRatio_NI,46,0.1258375000707219,0.4330643009924676,-0.23041508916373543,0.48164613512335525,Edad+Genero+Grupo+eTIV,0.14173036766298974,17,0.05093644556989277,19,,10,area_EntropyRatio_NI,B,0.7166391190797449,False,14,2,2,True
3_superiortemporal_area_rh,Temporal superior,rh,area,CSE_NI,46,0.18912127850412797,0.23631766463170245,-0.12720363733805862,0.5018168800018078,Edad+Genero+Grupo+eTIV,0.009149151956287321,17,0.39876848023307376,19,,10,area_CSE_NI,B,0.6616894609687668,False,14,2,2,True
3_superiortemporal_area_rh,Temporal superior,rh,area,EntropyRatio_NI,46,0.22362928005817193,0.15986787029792593,-0.07633829168313244,0.47937660081835265,Edad+Genero+Grupo+eTIV,0.18866215002805856,17,0.4188331460892424,19,,10,area_EntropyRatio_NI,B,0.7166391190797449,False,14,2,2,True
3_superiortemporal_volume_lh,Temporal superior,lh,volume,CSE_NI,46,0.17949990258789017,0.2614517907262253,-0.13137407922043812,0.4817437001432905,Edad+Genero+Grupo+eTIV,-0.07815041180938556,17,0.14796605615150119,19,,10,volume_CSE_NI,B,0.597604093088515,False,16,1,2,False
3_superiortemporal_volume_lh,Temporal superior,lh,volume,EntropyRatio_NI,46,0.2949741797012157,0.061172794119824576,-0.008384633216891877,0.539523012863897,Edad+Genero+Grupo+eTIV,0.3997272375248844,17,0.26898568226012276,19,,10,volume_EntropyRatio_NI,B,0.41436148106741777,False,16,2,2,True
3_superiortemporal_volume_rh,Temporal superior,rh,volume,CSE_NI,46,0.1252350793663686,0.4352874186052576,-0.16883051422425066,0.42901091108321865,Edad+Genero+Grupo+eTIV,-0.27554987708281914,17,0.3389858768861855,19,,10,volume_CSE_NI,B,0.633145336153102,False,16,1,2,False
3_superiortemporal_volume_rh,Temporal superior,rh,volume,EntropyRatio_NI,46,0.17465588393388942,0.2747541736773713,-0.17423698428963996,0.42154149047724326,Edad+Genero+Grupo+eTIV,0.07584934782969244,17,0.484278824604019,19,,10,volume_EntropyRatio_NI,B,0.43212968655388023,False,16,2,2,True
3_superiortemporal_LGI_lh,Temporal superior,lh,LGI,CSE_NI,45,0.136155222339423,0.3959811860227149,-0.1759743873181544,0.42584907646231607,Edad+Genero+Grupo,0.3225998873782568,17,0.2858670697074949,18,,10,LGI_CSE_NI,B,0.7761336173250815,False,14,2,2,True
3_superiortemporal_LGI_lh,Temporal superior,lh,LGI,EntropyRatio_NI,45,-0.1607746485865375,0.3152940999107649,-0.4315998000100406,0.14396057665040596,Edad+Genero+Grupo,0.33551263209091226,17,0.08285345789219682,18,,10,LGI_EntropyRatio_NI,B,0.8982939080061468,False,14,0,2,False
3_superiortemporal_LGI_rh,Temporal superior,rh,LGI,CSE_NI,45,0.3060184130092734,0.05167373968669171,0.0636429603453513,0.5587039375897416,Edad+Genero+Grupo,0.21907051615244894,17,0.44447235164012666,18,,10,LGI_CSE_NI,B,0.6043384467853379,False,14,2,2,True
3_superiortemporal_LGI_rh,Temporal superior,rh,LGI,EntropyRatio_NI,45,0.03288593101969087,0.8382630387836606,-0.257090419847418,0.3630593144639491,Edad+Genero+Grupo,-0.04703418497464009,17,0.28267114693066403,18,,10,LGI_EntropyRatio_NI,B,0.8982939080061468,False,14,1,2,False
4_Hippocampus_volume_lh,Hipocampo,lh,volume,CSE_NI,46,0.06126248252064837,0.7035758515251742,-0.2619222222820086,0.37529062023192317,Edad+Genero+Grupo+eTIV,-0.05474885868500169,17,-0.006668400956053593,19,,10,volume_CSE_NI,B,0.8537245907281243,False,16,0,2,False
4_Hippocampus_volume_lh,Hipocampo,lh,volume,EntropyRatio_NI,46,0.14902156465759356,0.35242223184091426,-0.1444558840938711,0.4227817373602004,Edad+Genero+Grupo+eTIV,0.3027666721543611,17,0.17823400224812772,19,,10,volume_EntropyRatio_NI,B,0.43375043918881756,False,16,2,2,True
4_Hippocampus_volume_rh,Hipocampo,rh,volume,CSE_NI,46,-0.02054900866762315,0.8985271728277023,-0.3392433377646615,0.30666183052290213,Edad+Genero+Grupo+eTIV,-0.06495069601960372,17,-0.0016350610929700522,19,,10,volume_CSE_NI,B,0.8985271728277023,False,16,2,2,True
4_Hippocampus_volume_rh,Hipocampo,rh,volume,EntropyRatio_NI,46,0.20119092446009104,0.20718074053370888,-0.0877128436220082,0.4512521592157513,Edad+Genero+Grupo+eTIV,0.3256919140746825,17,0.198336722538771,19,,10,volume_EntropyRatio_NI,B,0.41436148106741777,False,16,2,2,True
5_parahippocampal_thickness_lh,Corteza parahipocampal,lh,thickness,CSE_NI,46,0.09408789051725122,0.5533988467793539,-0.25494532097278527,0.38600631066567354,Edad+Genero+Grupo,-0.12258536139064363,17,0.3501389203615805,19,,10,thickness_CSE_NI,B,0.7449145113082601,False,14,1,2,False
5_parahippocampal_thickness_lh,Corteza parahipocampal,lh,thickness,EntropyRatio_NI,46,0.14255997953257515,0.36778800109584164,-0.17779924267780942,0.44916253283555324,Edad+Genero+Grupo,-0.44141645053540446,17,0.3748477158976258,19,,10,thickness_EntropyRatio_NI,B,0.603881805408458,False,14,1,2,False
5_parahippocampal_thickness_rh,Corteza parahipocampal,rh,thickness,CSE_NI,46,0.09277000626085208,0.5589936952240863,-0.31750690035789125,0.4170840609299186,Edad+Genero+Grupo,-0.3028651441289862,17,0.5774177169576608,19,,10,thickness_CSE_NI,B,0.7449145113082601,False,14,1,2,False
5_parahippocampal_thickness_rh,Corteza parahipocampal,rh,thickness,EntropyRatio_NI,46,0.14639979872551334,0.3548908510827854,-0.21685911004042355,0.4275120125723814,Edad+Genero+Grupo,-0.3922285408062607,17,0.43623507037889053,19,,10,thickness_EntropyRatio_NI,B,0.603881805408458,False,14,1,2,False
5_parahippocampal_area_lh,Corteza parahipocampal,lh,area,CSE_NI,46,-0.06731833287471509,0.6758065127897366,-0.4106546301437698,0.31543529688636135,Edad+Genero+Grupo+eTIV,-0.27677958218410004,17,0.13634958247129225,19,,10,area_CSE_NI,B,0.9461291179056311,False,14,1,2,False
5_parahippocampal_area_lh,Corteza parahipocampal,lh,area,EntropyRatio_NI,46,0.016275478550794007,0.9195523269181123,-0.3405824139792795,0.35231522629699336,Edad+Genero+Grupo+eTIV,-0.009867078554909769,17,0.18304309635507582,19,,10,area_EntropyRatio_NI,B,0.9807060693767871,False,14,1,2,False
5_parahippocampal_area_rh,Corteza parahipocampal,rh,area,CSE_NI,46,-0.30845876174088976,0.049743925818707166,-0.5729468334289448,-0.0007942831504521425,Edad+Genero+Grupo+eTIV,-0.22817119742532943,17,-0.40916775635321234,19,,10,area_CSE_NI,B,0.23213832048730013,False,14,2,2,True
5_parahippocampal_area_rh,Corteza parahipocampal,rh,area,EntropyRatio_NI,46,-0.22617382713565487,0.15504531597179258,-0.47922421661344766,0.07113896786317221,Edad+Genero+Grupo+eTIV,0.32079689946219614,17,-0.44606044504483067,19,,10,area_EntropyRatio_NI,B,0.7166391190797449,False,14,1,2,False
5_parahippocampal_volume_lh,Corteza parahipocampal,lh,volume,CSE_NI,46,-0.0407354120560108,0.8003668038076166,-0.3761523602137869,0.3389132757979735,Edad+Genero+Grupo+eTIV,-0.3739987051708143,17,0.34583382567663734,19,,10,volume_CSE_NI,B,0.8537245907281243,False,16,1,2,False
5_parahippocampal_volume_lh,Corteza parahipocampal,lh,volume,EntropyRatio_NI,46,0.044726576697207136,0.7812641123620678,-0.31445169230924674,0.40668171310848533,Edad+Genero+Grupo+eTIV,-0.4698705362302342,17,0.39498094598439054,19,,10,volume_EntropyRatio_NI,B,0.833348386519539,False,16,1,2,False
5_parahippocampal_volume_rh,Corteza parahipocampal,rh,volume,CSE_NI,46,-0.32051985399680527,0.04104128151775146,-0.5564268054399246,-0.021001436045757455,Edad+Genero+Grupo+eTIV,-0.4579238673779785,17,-0.12782400436280655,19,,10,volume_CSE_NI,B,0.16416512607100583,False,16,2,2,True
5_parahippocampal_volume_rh,Corteza parahipocampal,rh,volume,EntropyRatio_NI,46,-0.18821184142926017,0.23862048917659492,-0.41796741832312423,0.06750873709096199,Edad+Genero+Grupo+eTIV,-0.30733292648231236,17,-0.18744590415736784,19,,10,volume_EntropyRatio_NI,B,0.4242142029806132,False,16,2,2,True
5_parahippocampal_LGI_lh,Corteza parahipocampal,lh,LGI,CSE_NI,45,-0.0009665387984240877,0.9952147402048668,-0.3504636781712123,0.3257616281019593,Edad+Genero+Grupo,0.1380071333284281,17,-0.2081852133736384,18,,10,LGI_CSE_NI,B,0.9952147402048668,False,14,1,2,False
5_parahippocampal_LGI_lh,Corteza parahipocampal,lh,LGI,EntropyRatio_NI,45,-0.03766023587172027,0.8151646516327465,-0.41036316258951944,0.29968517094850844,Edad+Genero+Grupo,0.4109043573510111,17,-0.20150126538697988,18,,10,LGI_EntropyRatio_NI,B,0.8982939080061468,False,14,1,2,False
5_parahippocampal_LGI_rh,Corteza parahipocampal,rh,LGI,CSE_NI,45,0.06263389904178986,0.6972522444399238,-0.2730372929231811,0.41952820382832384,Edad+Genero+Grupo,-0.11176843447748522,17,0.04218401861983472,18,,10,LGI_CSE_NI,B,0.7956320625816907,False,14,1,2,False
5_parahippocampal_LGI_rh,Corteza parahipocampal,rh,LGI,EntropyRatio_NI,45,-0.02322511086258157,0.8853949894963458,-0.33158335497098274,0.3278593902029085,Edad+Genero+Grupo,0.261653359105132,17,-0.03263491970813102,18,,10,LGI_EntropyRatio_NI,B,0.8982939080061468,False,14,1,2,False
6_entorhinal_thickness_lh,Corteza entorrinal,lh,thickness,CSE_NI,46,0.20928310539465295,0.18346447145647102,-0.14558591348748748,0.5426573180459736,Edad+Genero+Grupo,-0.3448413409347603,17,0.4596164701011957,19,,10,thickness_CSE_NI,B,0.5137005200781188,False,14,1,2,False
6_entorhinal_thickness_lh,Corteza entorrinal,lh,thickness,EntropyRatio_NI,46,0.03881549300657646,0.8071893706857909,-0.27593093641870436,0.3696898461013578,Edad+Genero+Grupo,-0.45969163483873354,17,0.30045882585631567,19,,10,thickness_EntropyRatio_NI,B,0.8679609068253451,False,14,1,2,False
6_entorhinal_thickness_rh,Corteza entorrinal,rh,thickness,CSE_NI,46,0.21057693609614941,0.1807088174729389,-0.165322068542418,0.5030514009956724,Edad+Genero+Grupo,-0.2994097165151248,17,0.47558232721790594,19,,10,thickness_CSE_NI,B,0.5137005200781188,False,14,1,2,False
6_entorhinal_thickness_rh,Corteza entorrinal,rh,thickness,EntropyRatio_NI,46,0.13664108249870555,0.38820973204829445,-0.1844671880203227,0.4215887626897841,Edad+Genero+Grupo,-0.05545107060303652,17,0.3206082256020406,19,,10,thickness_EntropyRatio_NI,B,0.603881805408458,False,14,1,2,False
6_entorhinal_area_lh,Corteza entorrinal,lh,area,CSE_NI,46,0.12650864086433128,0.4305950363061815,-0.19003362377790145,0.41656730617269977,Edad+Genero+Grupo+eTIV,0.14362858713225476,17,0.1448563830210844,19,,10,area_CSE_NI,B,0.861190072612363,False,14,2,2,True
6_entorhinal_area_lh,Corteza entorrinal,lh,area,EntropyRatio_NI,46,0.2004436124143055,0.2089084340030061,-0.11122270840066012,0.506652004333928,Edad+Genero+Grupo+eTIV,0.022367574599604166,17,0.16463088706954623,19,,10,area_EntropyRatio_NI,B,0.7166391190797449,False,14,2,2,True
6_entorhinal_area_rh,Corteza entorrinal,rh,area,CSE_NI,46,-0.010277830621334548,0.9491480807465154,-0.2845515083196354,0.35254645002857504,Edad+Genero+Grupo+eTIV,0.43346770216692104,17,-0.09915473041338535,19,,10,area_CSE_NI,B,0.9491480807465154,False,14,1,2,False
6_entorhinal_area_rh,Corteza entorrinal,rh,area,EntropyRatio_NI,46,0.16135025642887063,0.3135416651691061,-0.14921448169371132,0.484352506069687,Edad+Genero+Grupo+eTIV,0.22790825395459308,17,-0.0254960462766455,19,,10,area_EntropyRatio_NI,B,0.7166391190797449,False,14,1,2,False
6_entorhinal_volume_lh,Corteza entorrinal,lh,volume,CSE_NI,46,0.28337682658096014,0.072592109726339,-0.03885673138390087,0.5526436564606773,Edad+Genero+Grupo+eTIV,0.08888014139707086,17,0.39922622769961247,19,,10,volume_CSE_NI,B,0.23229475112428483,False,16,2,2,True
6_entorhinal_volume_lh,Corteza entorrinal,lh,volume,EntropyRatio_NI,46,0.252111340946993,0.11179324936713957,-0.04913000212600629,0.5195269728457735,Edad+Genero+Grupo+eTIV,-0.1405379169527005,17,0.28319804862239484,19,,10,volume_EntropyRatio_NI,B,0.41436148106741777,False,16,1,2,False
6_entorhinal_volume_rh,Corteza entorrinal,rh,volume,CSE_NI,46,0.05104387899045289,0.7512896322198452,-0.28842226577107843,0.38819024897657356,Edad+Genero+Grupo+eTIV,0.10874408544312392,17,0.09901625570278906,19,,10,volume_CSE_NI,B,0.8537245907281243,False,16,2,2,True
6_entorhinal_volume_rh,Corteza entorrinal,rh,volume,EntropyRatio_NI,46,0.15791321502231784,0.3240972649154102,-0.17581564116775772,0.46357108748477915,Edad+Genero+Grupo+eTIV,0.10415397404347183,17,0.11380925733998862,19,,10,volume_EntropyRatio_NI,B,0.43212968655388023,False,16,2,2,True
6_entorhinal_LGI_lh,Corteza entorrinal,lh,LGI,CSE_NI,45,0.07462568829374512,0.6428571208286492,-0.258383891300754,0.37709119307636635,Edad+Genero+Grupo,0.24428116923430765,17,-0.18732578911914752,18,,10,LGI_CSE_NI,B,0.7956320625816907,False,14,1,2,False
6_entorhinal_LGI_lh,Corteza entorrinal,lh,LGI,EntropyRatio_NI,45,-0.0205964942450221,0.8982939080061468,-0.31105658293631666,0.2968684468318526,Edad+Genero+Grupo,0.20720981390321716,17,-0.15899384601937003,18,,10,LGI_EntropyRatio_NI,B,0.8982939080061468,False,14,1,2,False
6_entorhinal_LGI_rh,Corteza entorrinal,rh,LGI,CSE_NI,45,-0.1086440871734536,0.49894303970898096,-0.43136796320776966,0.21259244696757582,Edad+Genero+Grupo,-0.23572990745456776,17,-0.3087440959422559,18,,10,LGI_CSE_NI,B,0.7761336173250815,False,14,2,2,True
6_entorhinal_LGI_rh,Corteza entorrinal,rh,LGI,EntropyRatio_NI,45,-0.07298182139014316,0.6502136116273136,-0.3386901233061661,0.22478310283610536,Edad+Genero+Grupo,0.12533325310130966,17,-0.34455199459704083,18,,10,LGI_EntropyRatio_NI,B,0.8982939080061468,False,14,1,2,False
7_precuneus_thickness_lh,Precúneo,lh,thickness,CSE_NI,46,0.03643039608461641,0.8188325080816965,-0.32622027131754794,0.3472184442792128,Edad+Genero+Grupo,-0.21159644858560742,17,0.05045745273625285,19,,10,thickness_CSE_NI,B,0.8188325080816965,False,14,1,2,False
7_precuneus_thickness_lh,Precúneo,lh,thickness,EntropyRatio_NI,46,0.02644644439635028,0.8679609068253451,-0.3219479262325266,0.33858234215664473,Edad+Genero+Grupo,-0.003123904297524795,17,-0.011656309295288554,19,,10,thickness_EntropyRatio_NI,B,0.8679609068253451,False,14,0,2,False
7_precuneus_thickness_rh,Precúneo,rh,thickness,CSE_NI,46,0.07464301131468268,0.6384981525499372,-0.2890816445678799,0.37677198488078334,Edad+Genero+Grupo,0.09415237027480196,17,0.050001122053431345,19,,10,thickness_CSE_NI,B,0.7449145113082601,False,14,2,2,True
7_precuneus_thickness_rh,Precúneo,rh,thickness,EntropyRatio_NI,46,0.10591795212161174,0.5043933294427588,-0.2519546513595314,0.41326970613437386,Edad+Genero+Grupo,0.1651594773275873,17,0.23704073585778274,19,,10,thickness_EntropyRatio_NI,B,0.6419551465635113,False,14,2,2,True
7_precuneus_area_lh,Precúneo,lh,area,CSE_NI,46,0.3442358412971101,0.027533952876011753,0.01365200499676986,0.601272385617974,Edad+Genero+Grupo+eTIV,0.26774191034173767,17,0.4453191265694445,19,,10,area_CSE_NI,B,0.1927376701320823,False,14,2,2,True
7_precuneus_area_lh,Precúneo,lh,area,EntropyRatio_NI,46,0.142721764723738,0.373373124421516,-0.1774422090312556,0.4236822884371238,Edad+Genero+Grupo+eTIV,-0.04533953737679188,17,0.35836571412673845,19,,10,area_EntropyRatio_NI,B,0.7166391190797449,False,14,1,2,False
7_precuneus_area_rh,Precúneo,rh,area,CSE_NI,46,0.2531559873742588,0.11026647473549547,-0.05919559629641726,0.5183919575192808,Edad+Genero+Grupo+eTIV,0.2334455112019876,17,0.3130177826006383,19,,10,area_CSE_NI,B,0.38593266157423417,False,14,2,2,True
7_precuneus_area_rh,Precúneo,rh,area,EntropyRatio_NI,46,0.11846641426372453,0.46069657655126456,-0.1669398890593264,0.3967134873174527,Edad+Genero+Grupo+eTIV,0.0512418401961934,17,0.042201381491686375,19,,10,area_EntropyRatio_NI,B,0.7166391190797449,False,14,2,2,True
7_precuneus_volume_lh,Precúneo,lh,volume,CSE_NI,46,0.3756746623665886,0.01549914339371717,0.06040364388830514,0.6213986124189107,Edad+Genero+Grupo+eTIV,0.10771707324450121,17,0.5184500694138212,19,,10,volume_CSE_NI,B,0.12399314714973736,False,16,2,2,True
7_precuneus_volume_lh,Precúneo,lh,volume,EntropyRatio_NI,46,0.202555054756204,0.20405278179438593,-0.09993706155458232,0.4663642447124123,Edad+Genero+Grupo+eTIV,-0.004911398647725439,17,0.4075024537946487,19,,10,volume_EntropyRatio_NI,B,0.41436148106741777,False,16,1,2,False
7_precuneus_volume_rh,Precúneo,rh,volume,CSE_NI,46,0.3256004795591634,0.03776739130298563,-0.10970214884214982,0.6397149268173619,Edad+Genero+Grupo+eTIV,0.12098673096801411,17,0.4000476228000375,19,,10,volume_CSE_NI,B,0.16416512607100583,False,16,2,2,True
7_precuneus_volume_rh,Precúneo,rh,volume,EntropyRatio_NI,46,0.2313188415141415,0.1456200616980522,-0.07545686582235771,0.5091995135310392,Edad+Genero+Grupo+eTIV,0.04523653852031871,17,0.26580779033215657,19,,10,volume_EntropyRatio_NI,B,0.41436148106741777,False,16,2,2,True
7_precuneus_LGI_lh,Precúneo,lh,LGI,CSE_NI,45,0.24435872321934687,0.12362895374234954,-0.12138290327852964,0.5369821283447037,Edad+Genero+Grupo,0.22804779576721823,17,0.22520224110250084,18,,10,LGI_CSE_NI,B,0.6043384467853379,False,14,2,2,True
7_precuneus_LGI_lh,Precúneo,lh,LGI,EntropyRatio_NI,45,0.03194082519051284,0.8428520904792246,-0.2729736835699575,0.32615847346521826,Edad+Genero+Grupo,0.08465161593420316,17,-0.03192675877243156,18,,10,LGI_EntropyRatio_NI,B,0.8982939080061468,False,14,1,2,False
7_precuneus_LGI_rh,Precúneo,rh,LGI,CSE_NI,45,0.20421978837599578,0.2002804657222694,-0.12164413514215018,0.4895780262918941,Edad+Genero+Grupo,0.1874772323686859,17,0.3331037681822004,18,,10,LGI_CSE_NI,B,0.6043384467853379,False,14,2,2,True
7_precuneus_LGI_rh,Precúneo,rh,LGI,EntropyRatio_NI,45,0.04197582005883365,0.7944170452196815,-0.25352516605735803,0.32667182967947456,Edad+Genero+Grupo,0.07695033885748774,17,0.13502614750967531,18,,10,LGI_EntropyRatio_NI,B,0.8982939080061468,False,14,2,2,True
8_isthmuscingulate_thickness_lh,Istmo del cíngulo,lh,thickness,CSE_NI,46,-0.15278799489938608,0.33405195391624515,-0.44860864353039037,0.18985755123192818,Edad+Genero+Grupo,-0.10656528558417643,17,-0.18880346715266064,19,,10,thickness_CSE_NI,B,0.584590919353429,False,14,2,2,True
8_isthmuscingulate_thickness_lh,Istmo del cíngulo,lh,thickness,EntropyRatio_NI,46,0.07648476691055472,0.6302142436426713,-0.24233142406160704,0.3766384057472868,Edad+Genero+Grupo,0.11671313489791682,17,0.21854026024258544,19,,10,thickness_EntropyRatio_NI,B,0.73524995091645,False,14,2,2,True
8_isthmuscingulate_thickness_rh,Istmo del cíngulo,rh,thickness,CSE_NI,46,0.16115357568872132,0.3079373787422347,-0.20050288596018181,0.4381544820502527,Edad+Genero+Grupo,0.4927478874669852,17,-0.14775869863172225,19,,10,thickness_CSE_NI,B,0.584590919353429,False,14,1,2,False
8_isthmuscingulate_thickness_rh,Istmo del cíngulo,rh,thickness,EntropyRatio_NI,46,0.2296361911417511,0.1434861200420854,-0.09459964435981282,0.4786551654806026,Edad+Genero+Grupo,0.30326580301605094,17,0.21641797824255812,19,,10,thickness_EntropyRatio_NI,B,0.40176113611783915,False,14,2,2,True
8_isthmuscingulate_area_lh,Istmo del cíngulo,lh,area,CSE_NI,46,0.1662402143476476,0.2989032618553055,-0.18840569561829865,0.4396829997101159,Edad+Genero+Grupo+eTIV,0.31935736147503485,17,0.04472257736910634,19,,10,area_CSE_NI,B,0.6974409443290462,False,14,2,2,True
8_isthmuscingulate_area_lh,Istmo del cíngulo,lh,area,EntropyRatio_NI,46,0.1679195381564456,0.2939789449382147,-0.13567553880396344,0.4196189629609222,Edad+Genero+Grupo+eTIV,0.09277497360442238,17,0.2582194346706154,19,,10,area_EntropyRatio_NI,B,0.7166391190797449,False,14,2,2,True
8_isthmuscingulate_area_rh,Istmo del cíngulo,rh,area,CSE_NI,46,0.02499883803470424,0.8767073658096584,-0.2872068160636886,0.38242018399857475,Edad+Genero+Grupo+eTIV,0.3567950738543417,17,-0.18861068201412537,19,,10,area_CSE_NI,B,0.9491480807465154,False,14,1,2,False
8_isthmuscingulate_area_rh,Istmo del cíngulo,rh,area,EntropyRatio_NI,46,0.07238747830997014,0.652881494573726,-0.27729916832933704,0.37027018226804453,Edad+Genero+Grupo+eTIV,0.013018561145951464,17,-0.03455504418192975,19,,10,area_EntropyRatio_NI,B,0.8309400840029241,False,14,1,2,False
8_isthmuscingulate_volume_lh,Istmo del cíngulo,lh,volume,CSE_NI,46,0.1361441927203307,0.39601981552294047,-0.2121510645406363,0.4271865723942974,Edad+Genero+Grupo+eTIV,0.26411207085317,17,0.02366114786461654,19,,10,volume_CSE_NI,B,0.633145336153102,False,16,2,2,True
8_isthmuscingulate_volume_lh,Istmo del cíngulo,lh,volume,EntropyRatio_NI,46,0.2556658599803239,0.10666297036763646,-0.04313769163322005,0.4942109185400984,Edad+Genero+Grupo+eTIV,0.1350872928056425,17,0.37434628914956725,19,,10,volume_EntropyRatio_NI,B,0.41436148106741777,False,16,2,2,True
8_isthmuscingulate_volume_rh,Istmo del cíngulo,rh,volume,CSE_NI,46,0.1455405050901248,0.36390904235141436,-0.19749845492955537,0.4708014726668539,Edad+Genero+Grupo+eTIV,0.5352844346697138,17,-0.07834603830118911,19,,10,volume_CSE_NI,B,0.633145336153102,False,16,1,2,False
8_isthmuscingulate_volume_rh,Istmo del cíngulo,rh,volume,EntropyRatio_NI,46,0.16421609738882842,0.304908515991638,-0.18970276038686065,0.46400867341144636,Edad+Genero+Grupo+eTIV,0.1129651019704353,17,0.2562532580391759,19,,10,volume_EntropyRatio_NI,B,0.43212968655388023,False,16,2,2,True
8_isthmuscingulate_LGI_lh,Istmo del cíngulo,lh,LGI,CSE_NI,45,0.07403351100277002,0.6455033519739899,-0.24564553785575988,0.39077241968462223,Edad+Genero+Grupo,0.2005423994683437,17,0.01781140805970056,18,,10,LGI_CSE_NI,B,0.7956320625816907,False,14,2,2,True
8_isthmuscingulate_LGI_lh,Istmo del cíngulo,lh,LGI,EntropyRatio_NI,45,-0.049367710324454125,0.7592096719154948,-0.3732817233984174,0.293871597954371,Edad+Genero+Grupo,0.20053869473522218,17,-0.14959137200412298,18,,10,LGI_EntropyRatio_NI,B,0.8982939080061468,False,14,1,2,False
8_isthmuscingulate_LGI_rh,Istmo del cíngulo,rh,LGI,CSE_NI,45,0.21253125788861824,0.18217807322840077,-0.07382494624303756,0.49510513963203656,Edad+Genero+Grupo,0.013933919075068874,17,0.37649928754334644,18,,10,LGI_CSE_NI,B,0.6043384467853379,False,14,2,2,True
8_isthmuscingulate_LGI_rh,Istmo del cíngulo,rh,LGI,EntropyRatio_NI,45,0.02757779338417928,0.864101465285352,-0.284732335801945,0.3152856176415642,Edad+Genero+Grupo,0.24545011918521048,17,0.06146205359425648,18,,10,LGI_EntropyRatio_NI,B,0.8982939080061468,False,14,2,2,True
