variable,n,formula,F,df_num,df_den,p_param,p_hc3,p_perm,eta2p,eta2p_ic_low,eta2p_ic_high,p_kw,shapiro_p,levene_p,n_Vestibular,n_MPPP,n_Voluntario Sano,media_MPPP,media_Vestibular,media_Voluntario Sano,MPPP_vs_VoluntarioSano_dif,MPPP_vs_VoluntarioSano_d,MPPP_vs_VoluntarioSano_d_ic_low,MPPP_vs_VoluntarioSano_d_ic_high,MPPP_vs_VoluntarioSano_p,MPPP_vs_Vestibular_dif,MPPP_vs_Vestibular_d,MPPP_vs_Vestibular_d_ic_low,MPPP_vs_Vestibular_d_ic_high,MPPP_vs_Vestibular_p,alcance,metodo,medida,n_rois,etapa,familia_fdr,ajusta_etiv,roi,hemi,modelo,p_fdr,sobrevive_fdr,n_familia
idx_alta_z_LGI,45,"Q('idx_alta_z_LGI') ~ C(Grupo, Treatment(reference='Voluntario Sano')) + Edad + C(Genero) + N_Educacional",3.776613585420555,2,39,0.03167662340068864,0.04791850612469444,0.029597040295970403,0.1622492709930133,0.006824095865048954,0.34783240719590736,0.2084197521672925,0.5969124306844055,0.8470435474649635,18,17,10,-0.2778855452990151,0.24013564342036128,0.040161268851673176,-0.0921296100981875,-0.15674161391291797,-1.1018024194963125,0.8813340038926214,0.70734932349561,-0.5282976887683207,-0.898801506657414,-1.5504119014788638,-0.0006900729152851813,0.01215534025830633,alta,z,LGI,14,C1,alta_z,False,Red DCNN (alta),bilat,A_sin_ansiedad,0.11838816118388161,False,4
idx_alta_z_thickness,46,"Q('idx_alta_z_thickness') ~ C(Grupo, Treatment(reference='Voluntario Sano')) + Edad + C(Genero) + N_Educacional",0.52769211154301,2,40,0.5940149955717103,0.6652966468837782,0.5931406859314069,0.025706353577189582,0.0001418659307254378,0.10591896666739417,0.5349032516352281,0.8259470064589951,0.8623382475743582,19,17,10,-0.10109525124231045,-0.04660945597166908,0.2604198934580944,-0.21980843307289888,-0.41792199570342276,-1.4347444824837297,0.4152417001956289,0.3193159868610055,-0.0440292208145136,-0.08371280198319614,-0.7462922995522623,0.641027156485832,0.8054980310193102,alta,z,thickness,14,C1,alta_z,False,Red DCNN (alta),bilat,A_sin_ansiedad,0.5931406859314069,False,4
idx_alta_z_volume,46,"Q('idx_alta_z_volume') ~ C(Grupo, Treatment(reference='Voluntario Sano')) + Edad + C(Genero) + N_Educacional + eTIV",0.709992099895729,2,39,0.49789196590389995,0.5731873913256563,0.504049595040496,0.035130746038213055,0.00010952775535809481,0.12393298532020751,0.37671390601611837,0.16668489237834522,0.5228248945496248,19,17,10,-0.19179294911807665,0.02610888822126847,0.27644112588031955,0.004511329875785175,0.012019784197793985,-0.9350956711100508,0.8788318082329151,0.977191648747366,-0.13536072047211628,-0.36064900899085317,-0.9485809181369965,0.4312797322329598,0.2934453043036757,alta,z,volume,16,C1,alta_z,True,Red DCNN (alta),bilat,A_sin_ansiedad,0.5931406859314069,False,4
idx_alta_z_area,46,"Q('idx_alta_z_area') ~ C(Grupo, Treatment(reference='Voluntario Sano')) + Edad + C(Genero) + N_Educacional + eTIV",1.2393671205584411,2,39,0.30072025673324276,0.4764063424713074,0.29627037296270375,0.059759158191953016,0.0004724262370691802,0.21708905578330884,0.6491322488051531,0.3024635434436317,0.1950308728383592,19,17,10,-0.14162336496177652,0.0382486114844042,0.1680873586146523,0.14761095260093537,0.4042868528910671,-0.55498416187745,1.3592811125412794,0.3391011132725861,-0.08775220334992534,-0.24034166504236393,-0.8753416547379428,0.4923302459499683,0.48211119202401725,alta,z,area,14,C1,alta_z,True,Red DCNN (alta),bilat,A_sin_ansiedad,0.5925407459254075,False,4
idx_alta_pca_LGI,45,"Q('idx_alta_pca_LGI') ~ C(Grupo, Treatment(reference='Voluntario Sano')) + Edad + C(Genero) + N_Educacional",3.919128324576517,2,39,0.0281219711605604,0.040516342431343916,0.027797220277972202,0.16734731840824763,0.004322905391623458,0.3493323458293442,0.16466752387659545,0.4497968988006749,0.7794350729439513,18,17,10,-1.065228628870637,0.9103306570025183,0.17229348647555037,-0.3942285245888117,-0.18036885832064986,-1.1426122825197549,0.8689658552695778,0.6658276523190567,-2.0118286522307116,-0.9204591106595019,-1.5992619874207268,-0.04534032069964319,0.010370939747300953,alta,pca,LGI,14,C1,alta_pca,False,Red DCNN (alta),bilat,A_sin_ansiedad,0.11118888111188881,False,4
idx_alta_pca_thickness,46,"Q('idx_alta_pca_thickness') ~ C(Grupo, Treatment(reference='Voluntario Sano')) + Edad + C(Genero) + N_Educacional",0.35876463048442103,2,40,0.7007635170617809,0.7471855424946358,0.7030296970302969,0.017622121823011837,2.742754488069611e-05,0.07371834764615838,0.7333768630145175,0.758117927751728,0.8662717844262233,19,17,10,-0.33129445730683577,-0.20306724540836676,0.9490283436975178,-0.6924682854004639,-0.33335313400000843,-1.2950366071230253,0.4968868809639327,0.4259453022927454,-0.06930977819455952,-0.03336561726381467,-0.7346651067818394,0.7129399165794276,0.9217931065532621,alta,pca,thickness,14,C1,alta_pca,False,Red DCNN (alta),bilat,A_sin_ansiedad,0.7030296970302969,False,4
idx_alta_pca_volume,46,"Q('idx_alta_pca_volume') ~ C(Grupo, Treatment(reference='Voluntario Sano')) + Edad + C(Genero) + N_Educacional + eTIV",0.6474031963944843,2,39,0.5289357302821247,0.5806481066347716,0.5289471052894711,0.032133332027143906,3.579514012770877e-05,0.11036471621666255,0.34643922036360836,0.10842510943083578,0.48476163761427643,19,17,10,-0.7892841357446736,0.09602966564854401,1.1593266660337125,-0.0529667054232813,-0.03453322615094364,-1.0308105941807675,0.82538438375664,0.9345380783614566,-0.5513862756502118,-0.35949275684392207,-0.9656304620678093,0.39074635642173317,0.2949737749555833,alta,pca,volume,16,C1,alta_pca,True,Red DCNN (alta),bilat,A_sin_ansiedad,0.7030296970302969,False,4
idx_alta_pca_area,46,"Q('idx_alta_pca_area') ~ C(Grupo, Treatment(reference='Voluntario Sano')) + Edad + C(Genero) + N_Educacional + eTIV",1.1351972559470553,2,39,0.3317467975093929,0.4980220165606049,0.33026697330266974,0.05501266800926227,0.0001414936104188888,0.21591063076977332,0.6934824589870188,0.35455697500218925,0.2557908079932051,19,17,10,-0.5503924592105754,0.14722467996135763,0.6559402887313993,0.506143641503508,0.36554979381154995,-0.559461277887862,1.3309524946211868,0.3868868174313699,-0.3449125198461036,-0.2491045825217414,-0.849845843238744,0.44945533158250894,0.466388947752947,alta,pca,area,14,C1,alta_pca,True,Red DCNN (alta),bilat,A_sin_ansiedad,0.6605339466053395,False,4
idx_alta_media_z_LGI,45,"Q('idx_alta_media_z_LGI') ~ C(Grupo, Treatment(reference='Voluntario Sano')) + Edad + C(Genero) + N_Educacional",2.7698826290275567,2,39,0.07501969996005124,0.11635541978165864,0.07729227077292271,0.12437796261293124,0.0012628622220346925,0.3136283551376789,0.34779933737007274,0.840289049985311,0.8817437540179663,18,17,10,-0.24254983936435454,0.20357213893817344,0.04590487683069164,-0.11028235940993433,-0.1923348684625211,-1.017876511106344,0.8093832398541908,0.6451882090635067,-0.44863242823015237,-0.7824248550117158,-1.4837064660656356,0.09605643420448716,0.02754217962843063,alta+media,z,LGI,32,C1,alta+media_z,False,Red DCNN (alta+media),bilat,A_sin_ansiedad,0.30916908309169083,False,4
idx_alta_media_z_thickness,46,"Q('idx_alta_media_z_thickness') ~ C(Grupo, Treatment(reference='Voluntario Sano')) + Edad + C(Genero) + N_Educacional",0.5489673924143239,2,40,0.5818350145294559,0.6279056684228025,0.5766423357664233,0.02671508411741292,9.582642866635887e-05,0.10464408099517018,0.49050938376731834,0.3538150551054974,0.78830904552632,19,17,10,-0.06513477763842845,-0.08003492025132154,0.26279547046283774,-0.18717489023233197,-0.33756663114561397,-1.3640269616794283,0.5407782164357049,0.42016748674298154,0.04750554137269397,0.08567541053195625,-0.6587827985995737,0.8715564599943656,0.8010361763056563,alta+media,z,thickness,32,C1,alta+media_z,False,Red DCNN (alta+media),bilat,A_sin_ansiedad,0.5766423357664233,False,4
idx_alta_media_z_volume,46,"Q('idx_alta_media_z_volume') ~ C(Grupo, Treatment(reference='Voluntario Sano')) + Edad + C(Genero) + N_Educacional + eTIV",1.0128278825842638,2,39,0.3725434821884728,0.4682107897084344,0.3712628737126287,0.049375341536608504,0.00019445253043855206,0.17017060664923644,0.233392051789486,0.6051216360855354,0.9847911135699725,19,17,10,-0.20096909223620157,0.0027020637081299993,0.33651353575609444,-0.07246013898894887,-0.27522535488889865,-1.201711278457232,0.5901706358012978,0.5138594439044802,-0.1267933997208259,-0.4815993858507021,-1.1613780262321884,0.35777019651142644,0.16294380342519726,alta+media,z,volume,40,C1,alta+media_z,True,Red DCNN (alta+media),bilat,A_sin_ansiedad,0.4950171649501716,False,4
idx_alta_media_z_area,46,"Q('idx_alta_media_z_area') ~ C(Grupo, Treatment(reference='Voluntario Sano')) + Edad + C(Genero) + N_Educacional + eTIV",1.3586587327248196,2,39,0.2688998357666234,0.33490591868596786,0.26917308269173085,0.06513643806795888,0.00012115545018922836,0.1954644550300781,0.614128150002365,0.36521195643122395,0.8970359511449797,19,17,10,-0.1547466834395804,0.023437483351380135,0.21853814347966466,0.05889221848636328,0.21611227091846158,-0.7845985455573654,1.2212632425459922,0.6078362086325637,-0.11022737512201641,-0.40449296982276295,-1.0541845853944485,0.4796779323179988,0.23952708776628037,alta+media,z,area,32,C1,alta+media_z,True,Red DCNN (alta+media),bilat,A_sin_ansiedad,0.4950171649501716,False,4
idx_alta_media_pca_LGI,45,"Q('idx_alta_media_pca_LGI') ~ C(Grupo, Treatment(reference='Voluntario Sano')) + Edad + C(Genero) + N_Educacional",2.8881338052160643,2,39,0.06765906493614991,0.10549101247659472,0.0694930506949305,0.12900288297112006,0.001274247692893412,0.31511965505136114,0.3349376976262725,0.9243627119903298,0.9111800246598617,18,17,10,-1.3860905752163666,1.185411546496623,0.2226131941739023,-0.5972059139931176,-0.18377686704105836,-1.0606009917257018,0.7293852759266558,0.6599216448283801,-2.588092479484679,-0.7964280264942256,-1.4789209725465584,0.14410313279852358,0.025042403984297502,alta+media,pca,LGI,32,C1,alta+media_pca,False,Red DCNN (alta+media),bilat,A_sin_ansiedad,0.277972202779722,False,4
idx_alta_media_pca_thickness,46,"Q('idx_alta_media_pca_thickness') ~ C(Grupo, Treatment(reference='Voluntario Sano')) + Edad + C(Genero) + N_Educacional",0.4287954309571266,2,40,0.6542514934759817,0.673901632861138,0.66003399660034,0.020989755974909024,3.5298899724042095e-05,0.08650160640544542,0.5981059002521611,0.1731974604015774,0.7014028543617582,19,17,10,-0.30663526897531257,-0.47279672507607945,1.4195937349025827,-0.8794382465570241,-0.266139665995405,-1.274083817886214,0.5912091704020008,0.5244222609208913,0.3724756680263004,0.1127203078419983,-0.6402895716857236,0.9209770266059458,0.7402975733543128,alta+media,pca,thickness,32,C1,alta+media_pca,False,Red DCNN (alta+media),bilat,A_sin_ansiedad,0.66003399660034,False,4
idx_alta_media_pca_volume,46,"Q('idx_alta_media_pca_volume') ~ C(Grupo, Treatment(reference='Voluntario Sano')) + Edad + C(Genero) + N_Educacional + eTIV",1.0904148108399017,2,39,0.3461031492412129,0.443749658061708,0.34566543345665435,0.05295739890902289,0.00036912108365001327,0.17219931253574242,0.23658710924574036,0.6411440078512214,0.9933309553874557,19,17,10,-1.3041512398395358,0.0037168304328297473,2.209995129904834,-0.5319627139009124,-0.3174742931057712,-1.1643618973525915,0.6030311611913568,0.45182751754635153,-0.8338455599316081,-0.49763737717148154,-1.1897378517001354,0.3420346142301903,0.14972769007827422,alta+media,pca,volume,40,C1,alta+media_pca,True,Red DCNN (alta+media),bilat,A_sin_ansiedad,0.4608872446088725,False,4
idx_alta_media_pca_area,46,"Q('idx_alta_media_pca_area') ~ C(Grupo, Treatment(reference='Voluntario Sano')) + Edad + C(Genero) + N_Educacional + eTIV",1.5308259150129437,2,39,0.22907437813052792,0.3058955033431463,0.22557744225577442,0.07278962420206984,0.0003064138982729829,0.22721205474545328,0.6313342351287909,0.2602737145633183,0.9860462203714738,19,17,10,-0.9068277261649224,0.1610726789521829,1.235569044471221,0.3401137706952546,0.22178406582576143,-0.7688151616047222,1.2038295789578526,0.5984819918497148,-0.6652523046997172,-0.43380296138747354,-1.120538520759234,0.4588761716456659,0.20776917210039902,alta+media,pca,area,32,C1,alta+media_pca,True,Red DCNN (alta+media),bilat,A_sin_ansiedad,0.45115488451154884,False,4
idx_alta_z_LGI,31,"Q('idx_alta_z_LGI') ~ C(Grupo, Treatment(reference='Voluntario Sano')) + Edad + C(Genero) + N_Educacional + STAI_Rasgo + BDI",4.099688012275967,2,23,0.03000489890128187,0.03272223540009642,0.029497050294970503,0.26280576951601675,0.01798534033601414,0.5637983924060265,0.08077166688948724,0.6961621712024301,0.9367068238736768,13,13,5,-0.4030371438013346,0.24606177689647127,-0.07036246706002376,0.09898327629283164,0.19239814900300514,-1.6971730169395833,2.246659047099218,0.768836201192151,-0.5748451528714805,-1.1173518145492216,-2.1372741341648656,0.308738785316379,0.026885977833125536,alta,z,LGI,14,C1,alta_z,False,Red DCNN (alta),bilat,B_con_ansiedad,0.058994100589941006,False,4
idx_alta_z_thickness,31,"Q('idx_alta_z_thickness') ~ C(Grupo, Treatment(reference='Voluntario Sano')) + Edad + C(Genero) + N_Educacional + STAI_Rasgo + BDI",1.37658748437329,2,23,0.2724684126781959,0.3362427748316932,0.26507349265073493,0.10690623474922083,0.001191080596182568,0.3579135733643634,0.23380032469069997,0.356533343089376,0.41552623473765543,13,13,5,0.03741913381697058,-0.018389021262351184,0.6095422994031062,0.0505742867881203,0.10351372296227482,-1.7549249509199976,1.4830601340542022,0.8742758236198495,0.35306454916459235,0.7226404612117796,-0.6207941493795462,1.8965479953855047,0.13988494615041547,alta,z,thickness,14,C1,alta_z,False,Red DCNN (alta),bilat,B_con_ansiedad,0.287971202879712,False,4
idx_alta_z_volume,31,"Q('idx_alta_z_volume') ~ C(Grupo, Treatment(reference='Voluntario Sano')) + Edad + C(Genero) + N_Educacional + STAI_Rasgo + BDI + eTIV",1.3257250394180196,2,22,0.28601071798121935,0.42973700077744525,0.287971202879712,0.10755757046164124,0.0005864945170571938,0.29349505344628346,0.5194936226706426,0.07147791353676614,0.33706030151721106,13,13,5,-0.23531890999324245,0.009167688384759641,0.18763705138297865,0.14142145607491322,0.3702505463614048,-2.3003631542838083,2.0344399111752196,0.5729754763777357,-0.1934864827285316,-0.5065601637267636,-1.5435850407186573,0.8919913565145812,0.2965447279993202,alta,z,volume,16,C1,alta_z,True,Red DCNN (alta),bilat,B_con_ansiedad,0.287971202879712,False,4
idx_alta_z_area,31,"Q('idx_alta_z_area') ~ C(Grupo, Treatment(reference='Voluntario Sano')) + Edad + C(Genero) + N_Educacional + STAI_Rasgo + BDI + eTIV",5.509766079775345,2,22,0.011486016006145724,0.028295576193161455,0.010198980101989802,0.3337276890025034,0.04357605632875125,0.5630122680463844,0.7880345069765016,0.15113726845870773,0.45857983423012,13,13,5,-0.2763720203870348,0.009205758544877485,-0.057559248149508635,0.1105716914829106,0.3967486181963124,-1.5465458941814292,2.0534919699665757,0.5460508463301937,-0.3404928415269073,-1.2217418633087953,-1.9647607185508862,0.47099141153880586,0.017127121702638762,alta,z,area,14,C1,alta_z,True,Red DCNN (alta),bilat,B_con_ansiedad,0.04079592040795921,True,4
idx_alta_pca_LGI,31,"Q('idx_alta_pca_LGI') ~ C(Grupo, Treatment(reference='Voluntario Sano')) + Edad + C(Genero) + N_Educacional + STAI_Rasgo + BDI",4.227725118532936,2,23,0.027312861164345264,0.030220627381767465,0.026697330266973303,0.26880715975580916,0.018426694912353842,0.5335525493639947,0.05683062643649024,0.7982609672513108,0.9443499421683801,13,13,5,-1.5464346402602964,0.9703542578974036,-0.23300803194487446,0.3267323468776046,0.1699983982228194,-1.7631247197894087,2.207556400242674,0.7950680241177402,-2.2007954698313807,-1.145070906700044,-2.2055019836066716,0.2907930413640184,0.02367553171705226,alta,pca,LGI,14,C1,alta_pca,False,Red DCNN (alta),bilat,B_con_ansiedad,0.053394660533946606,False,4
idx_alta_pca_thickness,31,"Q('idx_alta_pca_thickness') ~ C(Grupo, Treatment(reference='Voluntario Sano')) + Edad + C(Genero) + N_Educacional + STAI_Rasgo + BDI",1.6737913019343722,2,23,0.2095806603317812,0.2635991089190973,0.20377962203779623,0.1270546392888888,0.0026640469789346636,0.4101442175986365,0.46807857273376985,0.8570336147645423,0.7765804816740817,13,13,5,0.2899649439196843,-0.129533373687242,2.10569886678209,0.5764280913983695,0.30767330984422453,-1.6060855803834586,1.639492614545638,0.6388627601203041,1.5764442069248503,0.8414402666474458,-0.5753606936944003,2.0123947403601568,0.08821858444007866,alta,pca,thickness,14,C1,alta_pca,False,Red DCNN (alta),bilat,B_con_ansiedad,0.27170616271706166,False,4
idx_alta_pca_volume,31,"Q('idx_alta_pca_volume') ~ C(Grupo, Treatment(reference='Voluntario Sano')) + Edad + C(Genero) + N_Educacional + STAI_Rasgo + BDI + eTIV",1.1437843245500945,2,22,0.3368410685755872,0.4677137415201958,0.33286671332866713,0.09418681145693598,0.0004467595744518312,0.29412007420733666,0.5436273337479178,0.06496281073773315,0.3055394505439123,13,13,5,-0.9686624753128884,0.0005654891733295988,0.8059658561864778,0.47763616917631496,0.3082335528198382,-2.3311499228449013,2.1166143530561565,0.6385065999757782,-0.760935638293248,-0.49105555733527106,-1.4381033443249673,0.881910704690818,0.31121335792562815,alta,pca,volume,16,C1,alta_pca,True,Red DCNN (alta),bilat,B_con_ansiedad,0.33286671332866713,False,4
idx_alta_pca_area,31,"Q('idx_alta_pca_area') ~ C(Grupo, Treatment(reference='Voluntario Sano')) + Edad + C(Genero) + N_Educacional + STAI_Rasgo + BDI + eTIV",5.179398133238184,2,22,0.014346090119833848,0.03320820752763496,0.013298670132986702,0.3201230410788814,0.04875411723173232,0.5455542230264211,0.9111460199860734,0.09012558204957782,0.48474870783767166,13,13,5,-1.0637730833995958,0.016405421103869982,-0.20630588547119855,0.3951763474522727,0.37142546403571053,-1.6272596403916246,1.8979834447265322,0.5717674900226766,-1.2668736437287682,-1.1907320213626893,-1.963812862689311,0.21772737009270265,0.019778021583133555,alta,pca,area,14,C1,alta_pca,True,Red DCNN (alta),bilat,B_con_ansiedad,0.05319468053194681,False,4
idx_alta_media_z_LGI,31,"Q('idx_alta_media_z_LGI') ~ C(Grupo, Treatment(reference='Voluntario Sano')) + Edad + C(Genero) + N_Educacional + STAI_Rasgo + BDI",2.261369043867113,2,23,0.12688675331398735,0.16908336540888472,0.12148785121487851,0.16432733085338727,0.0024912033148629543,0.41285124455928685,0.19080302846369676,0.7057172566578958,0.6128975797154339,13,13,5,-0.34267141765226383,0.2186375617564013,0.11723591797047325,-0.10981572909743842,-0.2066903822622662,-2.0307931053396717,1.7375521333888735,0.7522429906848437,-0.5026103399424908,-0.9459912905509655,-2.0323746299793677,0.31727473905016906,0.05725252347758139,alta+media,z,LGI,32,C1,alta+media_z,False,Red DCNN (alta+media),bilat,B_con_ansiedad,0.16198380161983802,False,4
idx_alta_media_z_thickness,31,"Q('idx_alta_media_z_thickness') ~ C(Grupo, Treatment(reference='Voluntario Sano')) + Edad + C(Genero) + N_Educacional + STAI_Rasgo + BDI",3.0886655384465245,2,23,0.0648404671888476,0.08418998044231267,0.0678932106789321,0.21171679687266456,0.011119378568475632,0.5188621953229562,0.21121034540661623,0.8356056589876439,0.8045763175873423,13,13,5,0.12127779438052694,-0.08575291988285208,0.5721706085021472,0.18705160812593535,0.36526214084013886,-1.5811430790523249,1.8497614284451553,0.5778172192308477,0.5803346486783392,1.1332395284046162,-0.2458257947211586,2.3696260888907834,0.024999924354256266,alta+media,z,thickness,32,C1,alta+media_z,False,Red DCNN (alta+media),bilat,B_con_ansiedad,0.1357864213578642,False,4
idx_alta_media_z_volume,31,"Q('idx_alta_media_z_volume') ~ C(Grupo, Treatment(reference='Voluntario Sano')) + Edad + C(Genero) + N_Educacional + STAI_Rasgo + BDI + eTIV",0.4115492439154361,2,22,0.6676192354520493,0.7599496559919051,0.6744325567443256,0.036064274457289096,3.4520955819661356e-05,0.14062155100535273,0.4911930191178042,0.2898989473727749,0.7572982476262086,13,13,5,-0.2308436030212891,-0.026667242806324914,0.29024511712755796,0.06770576824388075,0.25498600903764684,-2.0375975212786126,1.781804375064801,0.6973170687590052,-0.06687913257912129,-0.2518728248208169,-1.4412417663195796,1.0229682257508221,0.6002897889059962,alta+media,z,volume,40,C1,alta+media_z,True,Red DCNN (alta+media),bilat,B_con_ansiedad,0.6744325567443256,False,4
idx_alta_media_z_area,31,"Q('idx_alta_media_z_area') ~ C(Grupo, Treatment(reference='Voluntario Sano')) + Edad + C(Genero) + N_Educacional + STAI_Rasgo + BDI + eTIV",5.146050897107705,2,22,0.014675403392746315,0.014970175775986047,0.015298470152984701,0.318718857626637,0.03787063583131507,0.5635638237416675,0.7713482011435518,0.8220125683549931,0.6506944451868477,13,13,5,-0.306954461477435,-0.01266210305361113,0.022797958291937738,-0.008542621114429487,-0.03785975130657286,-1.6146363356284819,2.046508111608324,0.9538691432555298,-0.30464191394659823,-1.3501321134440651,-2.2571161202092824,0.14645987361728485,0.009314882677114281,alta+media,z,area,32,C1,alta+media_z,True,Red DCNN (alta+media),bilat,B_con_ansiedad,0.061193880611938804,False,4
idx_alta_media_pca_LGI,31,"Q('idx_alta_media_pca_LGI') ~ C(Grupo, Treatment(reference='Voluntario Sano')) + Edad + C(Genero) + N_Educacional + STAI_Rasgo + BDI",2.372310734064739,2,23,0.11569480783902489,0.1524218767063083,0.11658834116588342,0.17101049562271634,0.0038828530209569527,0.42783981315296926,0.15049934814657293,0.668590155571988,0.6073294849936908,13,13,5,-1.9753282756968045,1.3296347560167177,0.6734074367599645,-0.608632320244689,-0.20121259191728721,-1.874100148959071,1.7939347625997928,0.7585887568335888,-2.92281000052277,-0.9662749681951119,-2.0136298674842443,0.36426678699484305,0.05250574802762031,alta+media,pca,LGI,32,C1,alta+media_pca,False,Red DCNN (alta+media),bilat,B_con_ansiedad,0.1554511215545112,False,4
idx_alta_media_pca_thickness,31,"Q('idx_alta_media_pca_thickness') ~ C(Grupo, Treatment(reference='Voluntario Sano')) + Edad + C(Genero) + N_Educacional + STAI_Rasgo + BDI",3.3815355135364893,2,23,0.05159125534080931,0.06757627044767846,0.052094790520947905,0.22723028214800742,0.01131385973565345,0.550934633820409,0.2430733426554152,0.8469610220686965,0.8690544229471368,13,13,5,0.8628030920367853,-0.549110940134012,3.0587818988487987,1.5512570338245741,0.5244235011020819,-1.5361839587237578,1.9254781055222085,0.4258986510513096,3.5778464312016727,1.209539561107031,-0.4064382352772403,2.323251707173189,0.017531492741454404,alta+media,pca,thickness,32,C1,alta+media_pca,False,Red DCNN (alta+media),bilat,B_con_ansiedad,0.10418958104189581,False,4
idx_alta_media_pca_volume,31,"Q('idx_alta_media_pca_volume') ~ C(Grupo, Treatment(reference='Voluntario Sano')) + Edad + C(Genero) + N_Educacional + STAI_Rasgo + BDI + eTIV",0.4170597055532777,2,22,0.6640832747810141,0.755941790324614,0.6598340165983402,0.03652951953561381,0.00019051375647257667,0.13845594586027188,0.4577410659626795,0.1528349271452054,0.7691482596611442,13,13,5,-1.4896044921008298,-0.18632269394565404,1.9788643574537836,0.3487910702749154,0.20759181133470056,-1.8923018284935682,1.8407459441737433,0.7513661860022351,-0.47744856965817284,-0.28416557028361006,-1.3779683165489416,1.0100930335810863,0.5547520318641161,alta+media,pca,volume,40,C1,alta+media_pca,True,Red DCNN (alta+media),bilat,B_con_ansiedad,0.6598340165983402,False,4
idx_alta_media_pca_area,31,"Q('idx_alta_media_pca_area') ~ C(Grupo, Treatment(reference='Voluntario Sano')) + Edad + C(Genero) + N_Educacional + STAI_Rasgo + BDI + eTIV",5.586493110827401,2,22,0.010914886837187299,0.014138588126885388,0.012398760123987601,0.33680978091629427,0.042895456647022885,0.6050860623323889,0.814121907002733,0.503403893810562,0.7285862623040575,13,13,5,-1.727069431588915,-0.04946838764202795,0.10275752894606187,0.04663380437416925,0.036570513558173395,-1.601031946588596,2.1466766205902723,0.9554382582596098,-1.7601253874547724,-1.3803010543496246,-2.412933213744916,0.41045997547862445,0.008050460336116009,alta+media,pca,area,32,C1,alta+media_pca,True,Red DCNN (alta+media),bilat,B_con_ansiedad,0.049595040495950406,True,4
